record_id,source,title,link,thumbnail,author,link_to_author,post_id
1,TikTok,Meet Faker: Insights from the Legends' Player,https://www.tiktok.com/@lolesports/video/7569741263415659831,https://serpapi.com/searches/691886d2e6590e05f8e6a2ba/images/d0fd73998e227f1cb97e3c5009d25277ed0d7f8c1341c32a7315104198ff47e8.jpeg,lolesports,https://www.tiktok.com/@lolesports,7569741263415659831
2,TikTok,Faker's Best Moments in League of Legends Gameplay,https://www.tiktok.com/@supercatkei/video/7475757427229527303,https://serpapi.com/searches/691886d2e6590e05f8e6a2ba/images/d0fd73998e227f1cf2386264ef530ccbb3641c8ef91e8692f2307eb9e5991817.jpeg,supercatkei,https://www.tiktok.com/@supercatkei,7475757427229527303
3,TikTok,Faker Fan Meet in Singapore at Razer HQ,https://www.tiktok.com/@mothership.nova/video/7471213622690057479,https://serpapi.com/searches/691886d2e6590e05f8e6a2ba/images/d0fd73998e227f1cb8c335cf3e01a7c8b9a77bfda731fe2acc315a20cb30ddad.jpeg,mothership.nova,https://www.tiktok.com/@mothership.nova,7471213622690057479
4,TikTok,Faker League of Legends Reactions and Highlights,https://www.tiktok.com/@caedrel/video/7462161225502231830,https://serpapi.com/searches/691886d2e6590e05f8e6a2ba/images/d0fd73998e227f1cc01b895768e64df4edb246536f0a6fbdb2392437e4ecdaa6.jpeg,caedrel,https://www.tiktok.com/@caedrel,7462161225502231830
5,TikTok,Faker: The Cold Motherfucker of League of Legends | TikTok,https://www.tiktok.com/@thescoreesports/video/7368595180448009477,https://serpapi.com/searches/691886d2e6590e05f8e6a2ba/images/d0fd73998e227f1c8b34127fe977e324896df2ef334a9c4bb795a96b0c2bd891.jpeg,thescoreesports,https://www.tiktok.com/@thescoreesports,7368595180448009477
6,TikTok,Faker's Secrets to Managing Pressure in Esports,https://www.tiktok.com/@hotspawnesports/video/7528466581400096022,https://serpapi.com/searches/691886d2e6590e05f8e6a2ba/images/d0fd73998e227f1c8c183c76f562784c05df8d57d3c78c54f9c3630d634cc6d1.jpeg,hotspawnesports,https://www.tiktok.com/@hotspawnesports,7528466581400096022
7,TikTok,leagueoflegends #faker | TikTok,https://www.tiktok.com/@league_puff/video/7160908006778080554,https://serpapi.com/searches/691886d2e6590e05f8e6a2ba/images/d0fd73998e227f1ceb666f396036f56a3e5d0f85c6b4deab1811e44aa9c374b4.jpeg,league_puff,https://www.tiktok.com/@league_puff,7160908006778080554
8,TikTok,Thank you Faker for Ruining My Dream | League of Legends Esports,https://www.tiktok.com/@lec/video/7381842876914748705,https://serpapi.com/searches/691886d2e6590e05f8e6a2ba/images/d0fd73998e227f1cb440e5597008aa8b726a0af5dac1c850362493dbc7111ad7.jpeg,lec,https://www.tiktok.com/@lec,7381842876914748705
9,TikTok,Understanding Faker's Impact in the World of League of Legends,https://www.tiktok.com/@thresh3690/video/7421696357624270112,https://serpapi.com/searches/691886d2e6590e05f8e6a2ba/images/d0fd73998e227f1c0ab3ae75b90d801c9f61d573ab0225bb3ae56b325fdb4282.jpeg,thresh3690,https://www.tiktok.com/@thresh3690,7421696357624270112
10,TikTok,Faker - Best moment - League of legends #fakerlol #leagueoflegends #t1... |  TikTok,https://www.tiktok.com/@t1fakerfans/video/7231935871530831150,https://serpapi.com/searches/691886d2e6590e05f8e6a2ba/images/d0fd73998e227f1c5eec7988e974cdc75a834c29e269e9b2c6f10655620196a0.jpeg,t1fakerfans,https://www.tiktok.com/@t1fakerfans,7231935871530831150
11,TikTok,Faker's Career: SKT vs. T1 Comparison at Worlds 2025,https://www.tiktok.com/@hotspawnesports/video/7568463535227866390,https://serpapi.com/searches/691886d2e6590e05f8e6a2ba/images/d0fd73998e227f1cf2386264ef530ccbb19d3c4a0576e9a3677273bdaded1bdf.jpeg,hotspawnesports,https://www.tiktok.com/@hotspawnesports,7568463535227866390
12,TikTok,Understanding Faker's Impact on League of Legends Esports,https://www.tiktok.com/@bojou3/video/7571509399316122883,https://serpapi.com/searches/691886d2e6590e05f8e6a2ba/images/d0fd73998e227f1cf2386264ef530ccb8f60c3aaabeaedc551aa8280531d07db.jpeg,bojou3,https://www.tiktok.com/@bojou3,7571509399316122883
13,TikTok,Faker's Epic Moments in League of Legends Gameplay,https://www.tiktok.com/@noefa_tt/video/7523796938299428101,https://serpapi.com/searches/691886d2e6590e05f8e6a2ba/images/d0fd73998e227f1cf2386264ef530ccb498127412316feb7a7cdae9c6d676174.jpeg,noefa_tt,https://www.tiktok.com/@noefa_tt,7523796938299428101
15,TikTok,Faker vs Ryu: Epic 1v1 Duel in League of Legends,https://www.tiktok.com/@lolesports/video/7330661216529960234,https://serpapi.com/searches/691886d2e6590e05f8e6a2ba/images/d0fd73998e227f1cf2386264ef530ccbcf43db11a8edc6f2b73ba7f194a0f1e2.jpeg,lolesports,https://www.tiktok.com/@lolesports,7330661216529960234
16,TikTok,"Esports superstar Faker takes part in a press conference for the upcoming  League of Legends World Championships with his T1 teammates and their rival  finalists, Weibo Gaming. #faker #esports ...",https://www.tiktok.com/@apnewsentertainment/video/7301746881758006571,https://serpapi.com/searches/691886d2e6590e05f8e6a2ba/images/d0fd73998e227f1cf2386264ef530ccb6b422fe056903ca90cb07ee4a9dde2e9.jpeg,apnewsentertainment,https://www.tiktok.com/@apnewsentertainment,7301746881758006571
17,TikTok,Faker's Incredible Glow-Up in League of Legends | TikTok,https://www.tiktok.com/@aim1stwearet1/video/7159825926078074158,https://serpapi.com/searches/691886d2e6590e05f8e6a2ba/images/d0fd73998e227f1cf2386264ef530ccb85f467201ebcad222770cc9561ddebcd.jpeg,aim1stwearet1,https://www.tiktok.com/@aim1stwearet1,7159825926078074158
18,TikTok,TenZ & Kyedae Take a Photo with Faker and the Entire T1 Team,https://www.tiktok.com/@kyesonduo/video/7378450784410717446,https://serpapi.com/searches/691886d2e6590e05f8e6a2ba/images/d0fd73998e227f1cf2386264ef530ccbeb21c2fd7c897a95677b57753b1ac960.jpeg,kyesonduo,https://www.tiktok.com/@kyesonduo,7378450784410717446
19,TikTok,Rare Footage of Faker Using T1 Skin in 5v5 Battle | League of Legends,https://www.tiktok.com/@zhieima/video/7310662021177953541,https://serpapi.com/searches/691886d2e6590e05f8e6a2ba/images/d0fd73998e227f1cf2386264ef530ccb335868ddcd5a6ee087e22656e0cdff3a.jpeg,zhieima,https://www.tiktok.com/@zhieima,7310662021177953541
20,TikTok,Es Faker el Mejor en Esports? | TikTok,https://www.tiktok.com/@kayjayoh/video/7567116570598722846,https://serpapi.com/searches/691886d2e6590e05f8e6a2ba/images/d0fd73998e227f1cb8c335cf3e01a7c8cfe3d68acc08aa2a1ce57c043e469d53.jpeg,kayjayoh,https://www.tiktok.com/@kayjayoh,7567116570598722846
21,TikTok,Faker's 1000th Game in LCK Celebration,https://www.tiktok.com/@caedrel/video/7491713894336138498,https://serpapi.com/searches/691886d2e6590e05f8e6a2ba/images/d0fd73998e227f1cb8c335cf3e01a7c8a6dca631b8909635aa24de051ce4ac26.jpeg,caedrel,https://www.tiktok.com/@caedrel,7491713894336138498
22,TikTok,Faker: First Time Facing Ryu - Epic Outplay Moments,https://www.tiktok.com/@xaryu/video/7524382112967937311,https://serpapi.com/searches/691886d2e6590e05f8e6a2ba/images/d0fd73998e227f1cb8c335cf3e01a7c8b3f29b15a1a3b4b8b191429740a17728.jpeg,xaryu,https://www.tiktok.com/@xaryu,7524382112967937311
23,TikTok,Faker: ‚ÄúI watch anime these days~‚Äù #Gumayusi: ‚ÄúWhat are you watching?... |  TikTok,https://www.tiktok.com/@t1lol_faker/video/7524874269948382472,https://serpapi.com/searches/691886d2e6590e05f8e6a2ba/images/d0fd73998e227f1cb8c335cf3e01a7c8573789d4d3c494645e8453176f97672f.jpeg,t1lol_faker,https://www.tiktok.com/@t1lol_faker,7524874269948382472
24,TikTok,Once you play GOD‚Ä¶ #worlds2023 - #faker #t1 #worlds | TikTok,https://www.tiktok.com/@lolesports/video/7292226437803724074,https://serpapi.com/searches/691886d2e6590e05f8e6a2ba/images/d0fd73998e227f1cb8c335cf3e01a7c82c4c5eb61a0bb4a27c714132507e98ef.jpeg,lolesports,https://www.tiktok.com/@lolesports,7292226437803724074
25,TikTok,The greatest to ever do it üêêüôáüèª‚Äç‚ôÇÔ∏è #t1 #leagueoflegends #faker | faker |  TikTok,https://www.tiktok.com/@billyhan_/video/7570829806263176504,https://serpapi.com/searches/691886d2e6590e05f8e6a2ba/images/d0fd73998e227f1cb8c335cf3e01a7c83a632b4920c383b868d8e8819358e748.jpeg,billyhan_,https://www.tiktok.com/@billyhan_,7570829806263176504
26,TikTok,Faker Analyses League of Legends Gameplay with 100Thieves | TikTok,https://www.tiktok.com/@t1lol_faker/video/7568851887555054855,https://serpapi.com/searches/691886d2e6590e05f8e6a2ba/images/d0fd73998e227f1cb8c335cf3e01a7c80dbbaf1a5c04a7893e516c8636c328fd.jpeg,t1lol_faker,https://www.tiktok.com/@t1lol_faker,7568851887555054855
27,TikTok,one chance faker plzz just one chance ‚Äî tysm for 2k!! üôÜüèª‚Äç‚ôÄÔ∏èüíú #faker... |  TikTok,https://www.tiktok.com/@sanghyeokt1/video/7325282463054449925,https://serpapi.com/searches/691886d2e6590e05f8e6a2ba/images/d0fd73998e227f1cb8c335cf3e01a7c84e9f1553d0fb767330ecb5d11bb60250.jpeg,sanghyeokt1,https://www.tiktok.com/@sanghyeokt1,7325282463054449925
28,TikTok,Faker's Best Plays in League of Legends | TikTok,https://www.tiktok.com/@max_pax/video/7570865493721042177,https://serpapi.com/searches/691886d2e6590e05f8e6a2ba/images/d0fd73998e227f1cb8c335cf3e01a7c8086b6a097f1b97ed304e522228b14c7c.jpeg,max_pax,https://www.tiktok.com/@max_pax,7570865493721042177
29,TikTok,Caedrel Interviews Faker: Insights from the GOAT,https://www.tiktok.com/@caedrel/video/7526241086587571478,https://serpapi.com/searches/691886d2e6590e05f8e6a2ba/images/d0fd73998e227f1cc01b895768e64df47a0ef7ebbf01b9124144cb1cb5d70b7e.jpeg,caedrel,https://www.tiktok.com/@caedrel,7526241086587571478
30,TikTok,Faker's Ahri Skin: Will He Use It or Not? #caedrel #leaguetiktok  #leagueoflegends #fyp,https://www.tiktok.com/@caedrel/video/7383098520816848160,https://serpapi.com/searches/691886d2e6590e05f8e6a2ba/images/d0fd73998e227f1cc01b895768e64df4c5565a6b9b0cc779db2f294d804c5cbe.jpeg,caedrel,https://www.tiktok.com/@caedrel,7383098520816848160
31,TikTok,Faker Makes Surprise Appearance in Stray Kids MV | TikTok,https://www.tiktok.com/@seungjinaria/video/7542126176588877078,https://serpapi.com/searches/691886d2e6590e05f8e6a2ba/images/d0fd73998e227f1cc01b895768e64df41cf019e05c03bb238398431f116259df.jpeg,seungjinaria,https://www.tiktok.com/@seungjinaria,7542126176588877078
32,TikTok,T1 Faker: The Unkillable Demon King of League of Legends | TikTok,https://www.tiktok.com/@sp0uk_/video/7567972110740507918,https://serpapi.com/searches/691886d2e6590e05f8e6a2ba/images/d0fd73998e227f1cc01b895768e64df45cf3e25d503ffa7bdc6dfae458297fdb.jpeg,sp0uk_,https://www.tiktok.com/@sp0uk_,7567972110740507918
33,TikTok,Faker ne joue pas mieux que toi √† LoL... #leagueoflegends #gaming #faker,https://www.tiktok.com/@legends.path/video/7550313744383872278,https://serpapi.com/searches/691886d2e6590e05f8e6a2ba/images/d0fd73998e227f1cc01b895768e64df4c700613953289b7de005611184cc3480.jpeg,legends.path,https://www.tiktok.com/@legends.path,7550313744383872278
34,TikTok,Faker Highlights: Best League of Legends Moments,https://www.tiktok.com/@kiittwy/video/7559763991329918226,https://serpapi.com/searches/691886d2e6590e05f8e6a2ba/images/d0fd73998e227f1cc01b895768e64df46c2db176c78a833a092fa7f02969a42d.jpeg,kiittwy,https://www.tiktok.com/@kiittwy,7559763991329918226
35,TikTok,Exploring the Greatest Moments in Gaming History,https://www.tiktok.com/@redbullgaming/video/7463193215227694369,https://serpapi.com/searches/691886d2e6590e05f8e6a2ba/images/d0fd73998e227f1cc01b895768e64df4d7973a6c890e7dd899931ad69cf8ccc1.jpeg,redbullgaming,https://www.tiktok.com/@redbullgaming,7463193215227694369
36,TikTok,BEST OF FAKER 5 #FAKER #leagueoflegends #SKT #loledit #gaming | League Of  Legends | TikTok,https://www.tiktok.com/@max_pax/video/7571976741552508176,https://serpapi.com/searches/691886d2e6590e05f8e6a2ba/images/d0fd73998e227f1cc01b895768e64df443c6f7a2b3a7aecff161ede6d16ee27c.jpeg,max_pax,https://www.tiktok.com/@max_pax,7571976741552508176
37,TikTok,Faker Cute Gaming Moments Edit | T1 League of Legends | TikTok,https://www.tiktok.com/@sanghyeokt1/video/7307425419370695942,https://serpapi.com/searches/691886d2e6590e05f8e6a2ba/images/d0fd73998e227f1cc01b895768e64df4890af78d8035988f6cd7a03efb760b11.jpeg,sanghyeokt1,https://www.tiktok.com/@sanghyeokt1,7307425419370695942
38,TikTok,I FOUND FAKER IN KOREAN CHALLENGER? #leagueoflegends #leaguetiktok #faker,https://www.tiktok.com/@quantelol/video/7492036180725239070,https://serpapi.com/searches/691886d2e6590e05f8e6a2ba/images/d0fd73998e227f1c8b34127fe977e324382f26234afcf88de4b62ef4458c002a.jpeg,quantelol,https://www.tiktok.com/@quantelol,7492036180725239070
39,TikTok,Faker League of Legends Gameplay Moments,https://www.tiktok.com/@humzhcult/video/7543096090573180215,https://serpapi.com/searches/691886d2e6590e05f8e6a2ba/images/d0fd73998e227f1c8b34127fe977e324808e8c86b62e3acb8d86f965fd33da43.jpeg,humzhcult,https://www.tiktok.com/@humzhcult,7543096090573180215
40,TikTok,Faker red velvet ‚ù§Ô∏è #faker #LEAGUEOFLEGENDS #t1 #redvelvet  #creatorsearchinsights,https://www.tiktok.com/@clipratones/video/7572609251374419214,https://encrypted-tbn0.gstatic.com/images?q=tbn:ANd9GcQcH_LaW686M_JzVPxYtMj7MArE3ZBYYRDKWA&s,clipratones,https://www.tiktok.com/@clipratones,7572609251374419214
41,TikTok,EnHypen's Heeseung Fanboying Over Faker | Heartwarming Meet-Up,https://www.tiktok.com/@t1mylife/video/7325467541416021254,https://encrypted-tbn0.gstatic.com/images?q=tbn:ANd9GcQpzql68cABdHj-N6M-j5a6GLtxVS7jKpWNOQ&s,t1mylife,https://www.tiktok.com/@t1mylife,7325467541416021254
42,TikTok,Faker Calling Me: A League of Legends Experience | TikTok,https://www.tiktok.com/@trrunksz/video/7557552713681210646,https://encrypted-tbn0.gstatic.com/images?q=tbn:ANd9GcQ1ON9HvsOdvRNk2vKbutRm1Ogap2Knc-A6-Q&s,trrunksz,https://www.tiktok.com/@trrunksz,7557552713681210646
43,TikTok,"faker and his 4 kids #faker #oner #doran #gumayusi #keria faker‚Äôs book:  thinking, fast and slow by daniel kahneman",https://www.tiktok.com/@t1polar/video/7572449672770440468,https://encrypted-tbn0.gstatic.com/images?q=tbn:ANd9GcSRJn1JImWg8vp5BlrmK7iNixp6-8Tda0ZgJQ&s,t1polar,https://www.tiktok.com/@t1polar,7572449672770440468
44,TikTok,Faker Brings the Summoners Cup to the Desk,https://www.tiktok.com/@eefjeuh/video/7571096988033256726,https://encrypted-tbn0.gstatic.com/images?q=tbn:ANd9GcS8Vv6lOsLyXqGLgNTl4t9GktPIWMrHrY2ZYQ&s,eefjeuh,https://www.tiktok.com/@eefjeuh,7571096988033256726
45,TikTok,LEC Pop Quiz: Everyone Lost to Faker in Gaming,https://www.tiktok.com/@lec/video/7328453562814582049,https://encrypted-tbn0.gstatic.com/images?q=tbn:ANd9GcQxrgraal2N9ez296bVdFG2AF58ffh3b6dyKw&s,lec,https://www.tiktok.com/@lec,7328453562814582049
46,TikTok,Faker Memes and SKT T1 Moments ft. Caedrel,https://www.tiktok.com/@caedrel/video/7307749987465628961,https://encrypted-tbn0.gstatic.com/images?q=tbn:ANd9GcQMGSWGVhxOwFJwdPzjVMujoE_bgsFfQ-6ymw&s,caedrel,https://www.tiktok.com/@caedrel,7307749987465628961
47,TikTok,Faker League of Legends Funny Moments Compilation,https://www.tiktok.com/@caedrel/video/7263542294257716512,https://encrypted-tbn0.gstatic.com/images?q=tbn:ANd9GcRyY8sSCFYn_EVeEE112PixS3jfjGNC_10nYw&s,caedrel,https://www.tiktok.com/@caedrel,7263542294257716512
48,TikTok,Faker's Controversy in League of Legends: Cheating Claims,https://www.tiktok.com/@c9league/video/7487279866598051118,https://encrypted-tbn0.gstatic.com/images?q=tbn:ANd9GcTh1VMTm4Ljki1s3E3WaoZHgoP0gNv7q-ZSew&s,c9league,https://www.tiktok.com/@c9league,7487279866598051118
49,TikTok,Faker Booed: What Happened to League of Legends Legend?,https://www.tiktok.com/@caedrel/video/7310695762529094945,https://encrypted-tbn0.gstatic.com/images?q=tbn:ANd9GcRrElnN4qy2rYyyeXcWq1984TFqiUW4wMuoMA&s,caedrel,https://www.tiktok.com/@caedrel,7310695762529094945
50,TikTok,Faker's POV Highlights at Worlds - League of Legends,https://www.tiktok.com/@midbeast/video/7568516909650529544,https://encrypted-tbn0.gstatic.com/images?q=tbn:ANd9GcRQwE0oIFSjTKbzx8eXr2n3Y-Hnc0hn8vIgMg&s,midbeast,https://www.tiktok.com/@midbeast,7568516909650529544
51,TikTok,Faker Achieves Second Pentakill in League of Legends | TikTok,https://www.tiktok.com/@soop_en/video/7502608075832970526,https://encrypted-tbn0.gstatic.com/images?q=tbn:ANd9GcSgraUfHZd-7VRgojr6d0b8hyECCMllv2qtBg&s,soop_en,https://www.tiktok.com/@soop_en,7502608075832970526
52,TikTok,Best Moments of Faker in League of Legends,https://www.tiktok.com/@max_pax/video/7571219388582481153,https://encrypted-tbn0.gstatic.com/images?q=tbn:ANd9GcQ_DFIhytMz8PwhlqLZFDBTinTSTvHCsiDlrg&s,max_pax,https://www.tiktok.com/@max_pax,7571219388582481153
53,TikTok,Faker's Confusing League of Legends Moments,https://www.tiktok.com/@aloisnl/video/7496458404643245334,https://encrypted-tbn0.gstatic.com/images?q=tbn:ANd9GcRtnWSS8ntHQRQnphm2USaajzzXcs8yF9OLow&s,aloisnl,https://www.tiktok.com/@aloisnl,7496458404643245334
54,TikTok,"Just as Faker has carved out his name in the annals of League history, the  Razer DeathAdder has taken its place among the greatest esports mice of all  time. #TeamRazer #ForThePro #Razer #faker",https://www.tiktok.com/@teamrazer/video/7384163060019301678,https://encrypted-tbn0.gstatic.com/images?q=tbn:ANd9GcS9cS6t79hmwoBJN6Qspn0shdArkClXEvkY7g&s,teamrazer,https://www.tiktok.com/@teamrazer,7384163060019301678
55,TikTok,Faker - Best moments #leagueoflegends #lolguide #lolgamer #lolhighlights  #t1faker #fakerlol,https://www.tiktok.com/@t1fakerfans/video/7325031715666185515,https://encrypted-tbn0.gstatic.com/images?q=tbn:ANd9GcTWdXS_OxsCEpYJjh_Qu0m7bY8ZfluIt_K2iA&s,t1fakerfans,https://www.tiktok.com/@t1fakerfans,7325031715666185515
56,TikTok,Faker: The Stylish Legend of League of Legends | TikTok,https://www.tiktok.com/@t1lol_faker/video/7545712245221723448,https://encrypted-tbn0.gstatic.com/images?q=tbn:ANd9GcRxzIsjuc2HoM08Qk-pJdW14pn7WvIxwg0Wnw&s,t1lol_faker,https://www.tiktok.com/@t1lol_faker,7545712245221723448
57,TikTok,Faker's Epic Hero Plays in League of Legends | TikTok,https://www.tiktok.com/@ggmontecristo/video/7367620028130135339,https://encrypted-tbn0.gstatic.com/images?q=tbn:ANd9GcTktAS-sfV5TJA8Cc8zL7L9EtKB1qr4sEJR4w&s,ggmontecristo,https://www.tiktok.com/@ggmontecristo,7367620028130135339
58,TikTok,Playing with Faker: A League of Legends Experience,https://www.tiktok.com/@humzhlol/video/7549425132180163870,https://encrypted-tbn0.gstatic.com/images?q=tbn:ANd9GcTB1G1RzuyVXFFHW3nRBgTMF8onNMDNaCKN5Q&s,humzhlol,https://www.tiktok.com/@humzhlol,7549425132180163870
59,TikTok,Faker: The GOAT of Esports in League of Legends | TikTok,https://www.tiktok.com/@starcysss/video/7570849876662029588,https://encrypted-tbn0.gstatic.com/images?q=tbn:ANd9GcS24H0BenHH1gkw1BD58YzC2rDLgdgdzTgJfA&s,starcysss,https://www.tiktok.com/@starcysss,7570849876662029588
60,TikTok,Faker's Legendary Calls in League of Legends | TikTok,https://www.tiktok.com/@bonchily/video/7541600428878826807,https://encrypted-tbn0.gstatic.com/images?q=tbn:ANd9GcQxFaGFOouHRq9xtwWWtermczrDhqEBp8zdDw&s,bonchily,https://www.tiktok.com/@bonchily,7541600428878826807
61,TikTok,Faker's Historic Sixth League of Legends Championship Win | TikTok,https://www.tiktok.com/@soccer.spin001/video/7571369325609651486,https://encrypted-tbn0.gstatic.com/images?q=tbn:ANd9GcQZ0b5C4LnkknkQOkWz57Y2rCYIfGZcc3GASw&s,soccer.spin001,https://www.tiktok.com/@soccer.spin001,7571369325609651486
62,TikTok,Why Faker Should Lose: A Perspective on Esports Rivalry,https://www.tiktok.com/@jacksonroyc/video/7564524967723846942,https://encrypted-tbn0.gstatic.com/images?q=tbn:ANd9GcTPhotuGMXMYBjpVkNkD1GLRGVAKK9djtpdDQ&s,jacksonroyc,https://www.tiktok.com/@jacksonroyc,7564524967723846942
63,TikTok,we‚Äôre so lucky #faker #T1 #leagueoflegends #icon | TikTok,https://www.tiktok.com/@eefjeuh/video/7570306525097626903,https://encrypted-tbn0.gstatic.com/images?q=tbn:ANd9GcSI4LH2t9EfOAet7apdn-dIZ769D7d0uKQK1w&s,eefjeuh,https://www.tiktok.com/@eefjeuh,7570306525097626903
64,TikTok,Faker y T1 ganan el Mundial 3 veces consecutivas,https://www.tiktok.com/@foolish_gamers/video/7570700295957794103,https://encrypted-tbn0.gstatic.com/images?q=tbn:ANd9GcT9JevOePbskQBtWSdJ2HDpURtToKx7Yj7R8g&s,foolish_gamers,https://www.tiktok.com/@foolish_gamers,7570700295957794103
66,TikTok,Faker: The Greatest League of Legends Player Ever | TikTok,https://www.tiktok.com/@dvy.official/video/7568907928766254358,https://encrypted-tbn0.gstatic.com/images?q=tbn:ANd9GcRHYfvgHhkezAuJa8lVxoIMGGOP0-25kgq4IQ&s,dvy.official,https://www.tiktok.com/@dvy.official,7568907928766254358
67,TikTok,Faker triunfa por sexta vez en Worlds de League of Legends,https://www.tiktok.com/@mlb/video/7572042285769166111,https://encrypted-tbn0.gstatic.com/images?q=tbn:ANd9GcQsjgTQj7oORa5keFB1y1VtUXFjnmIT0fSvig&s,mlb,https://www.tiktok.com/@mlb,7572042285769166111
68,TikTok,Faker's Epic Return to the Finals: A Journey of Triumph,https://www.tiktok.com/@koreanx46/video/7291715236418145569,https://encrypted-tbn0.gstatic.com/images?q=tbn:ANd9GcQTOCcYrEQ9UqaGaTYyMHiIxlu2py3e-FiaCA&s,koreanx46,https://www.tiktok.com/@koreanx46,7291715236418145569
69,TikTok,Faker's Legendary League of Legends Gameplay Part 2 | TikTok,https://www.tiktok.com/@trrunksz/video/7545599655724240150,https://encrypted-tbn0.gstatic.com/images?q=tbn:ANd9GcS7J6kF2Jen_8WSh3j7uec0bGbhabjl7Pl9Rg&s,trrunksz,https://www.tiktok.com/@trrunksz,7545599655724240150
70,TikTok,Faker's Game Play Count Surpasses LCK Champions,https://www.tiktok.com/@caedrel/video/7491430587996081430,https://encrypted-tbn0.gstatic.com/images?q=tbn:ANd9GcTmVGSAq-IHW2Z9CioZwR9QrTuoW7rfuRqgCw&s,caedrel,https://www.tiktok.com/@caedrel,7491430587996081430
73,TikTok,Faker x My War Highlights: League of Legends Worlds 2023,https://www.tiktok.com/@karaqqa/video/7300633297208544520,https://encrypted-tbn0.gstatic.com/images?q=tbn:ANd9GcRvfKlo7z5735x0HPbiqOqDE5X2e8ftfCDnCg&s,karaqqa,https://www.tiktok.com/@karaqqa,7300633297208544520
74,TikTok,Faker's Impact on Wild Rift and SEA Games,https://www.tiktok.com/@kereaxml/video/7570538284393286933,https://encrypted-tbn0.gstatic.com/images?q=tbn:ANd9GcQiRB9YZiVGYNow56B01zaWbqv8OKrDFsiUJg&s,kereaxml,https://www.tiktok.com/@kereaxml,7570538284393286933
75,TikTok,A Day in the Life of Faker: #WES #IESF #WorldEsports,https://www.tiktok.com/@iesf_official/video/7306761244294335749,https://encrypted-tbn0.gstatic.com/images?q=tbn:ANd9GcQABwRNfUmNNHe3EhqTMaBjpA4O-M4We1TTYg&s,iesf_official,https://www.tiktok.com/@iesf_official,7306761244294335749
76,TikTok,Faker's Jungle Struggles in League of Legends,https://www.tiktok.com/@broxahlol/video/7571096286573645088,https://encrypted-tbn0.gstatic.com/images?q=tbn:ANd9GcS0rw5MBgsnIW1R_fkHGCiqDgwoUHkkA9Nk5A&s,broxahlol,https://www.tiktok.com/@broxahlol,7571096286573645088
77,TikTok,Faker's Hilarious Call to My Support in League of Legends | TikTok,https://www.tiktok.com/@marcysia_tv/video/7561787278796901654,https://encrypted-tbn0.gstatic.com/images?q=tbn:ANd9GcTMtfQ8zbLApZOvrH-4CaU3xwdPV89shKzsOQ&s,marcysia_tv,https://www.tiktok.com/@marcysia_tv,7561787278796901654
78,TikTok,Faker Has Arrived in League of Legends,https://www.tiktok.com/@midbeast/video/7522864468909395208,https://encrypted-tbn0.gstatic.com/images?q=tbn:ANd9GcRM8W0R0oiS1Ii1DZDT7tHIRvhevqDtD-Cp9g&s,midbeast,https://www.tiktok.com/@midbeast,7522864468909395208
79,TikTok,I might have just discovered the GOAT of league- purely on accident‚Ä¶ is  Faker legit? #leagueoflegends #esports #faker #t1,https://www.tiktok.com/@jacksonroyc/video/7540395859389730079,https://encrypted-tbn0.gstatic.com/images?q=tbn:ANd9GcQJ9dofbVPu5pa9EQ2K_CWddiSJURAAND2SFQ&s,jacksonroyc,https://www.tiktok.com/@jacksonroyc,7540395859389730079
80,TikTok,Faker Banned: Riot's Controversial Decision,https://www.tiktok.com/@outside_joke/video/7316210491737705774,https://encrypted-tbn0.gstatic.com/images?q=tbn:ANd9GcR6VAJxk0rHd3q1K1l4_bYujF3M8yomGP2_BA&s,outside_joke,https://www.tiktok.com/@outside_joke,7316210491737705774
81,TikTok,Chovy or Faker? #faker #chovy #lolesports #draft #leagueoflegendsriotgames,https://www.tiktok.com/@shyknocklol/video/7361986686575807787,https://encrypted-tbn0.gstatic.com/images?q=tbn:ANd9GcQNvPU3CcaIxGYkK0aWT1GLPetM_5S6mXnCKg&s,shyknocklol,https://www.tiktok.com/@shyknocklol,7361986686575807787
82,TikTok,Faker's COVID-19 Positive Test: Update on T1's Star Player,https://www.tiktok.com/@caedrel/video/7399808853954579745,https://encrypted-tbn0.gstatic.com/images?q=tbn:ANd9GcSDzq7AbHVv0u7SeEj-TZdR1dA2MlrKGv7Y5A&s,caedrel,https://www.tiktok.com/@caedrel,7399808853954579745
83,TikTok,Faker: The Undisputed GOAT of League of Legends,https://www.tiktok.com/@gxleagueoflegends/video/7293170621524053280,https://encrypted-tbn0.gstatic.com/images?q=tbn:ANd9GcSX8vCpvUF148BGCL3c14TEIVuyKW6Lyy06Cw&s,gxleagueoflegends,https://www.tiktok.com/@gxleagueoflegends,7293170621524053280
84,TikTok,Faker's Anivia Gameplay Analysis in League of Legends,https://www.tiktok.com/@midbeast/video/7564068733853912338,https://encrypted-tbn0.gstatic.com/images?q=tbn:ANd9GcRByTq1EoFR9M61nymbbMf3ugGG94s3jLcDyg&s,midbeast,https://www.tiktok.com/@midbeast,7564068733853912338
85,TikTok,Doran vs Faker - Janggi Match Highlights Part 2 | TikTok,https://www.tiktok.com/@t1lol_faker/video/7566120858377358610,https://encrypted-tbn0.gstatic.com/images?q=tbn:ANd9GcRo_gnyKRbqqKfvau5QHpWZjQRNK27WN9tCvQ&s,t1lol_faker,https://www.tiktok.com/@t1lol_faker,7566120858377358610
86,TikTok,Faker Behind the Scenes of League of Legends,https://www.tiktok.com/@wildrift/video/7497080082339597611,https://encrypted-tbn0.gstatic.com/images?q=tbn:ANd9GcRETomGrNPSLzzkKcXWwBozqDgEGICmkDagdw&s,wildrift,https://www.tiktok.com/@wildrift,7497080082339597611
87,TikTok,Faker's Incredible Vayne Tumble Highlight,https://www.tiktok.com/@leagueofclipz/video/7286496320326552865,https://encrypted-tbn0.gstatic.com/images?q=tbn:ANd9GcS9wcQKNLf6GAcl4Twb6BdBuGV5HqeQiWd7ZQ&s,leagueofclipz,https://www.tiktok.com/@leagueofclipz,7286496320326552865
88,TikTok,Faker Calling Me - Part 6: The League of Legends Legend | TikTok,https://www.tiktok.com/@trrunksz/video/7546281839699168534,https://encrypted-tbn0.gstatic.com/images?q=tbn:ANd9GcQ8XVjJs_g_K3XoosJ5JG9mvsU0lAfRWC9Rnw&s,trrunksz,https://www.tiktok.com/@trrunksz,7546281839699168534
89,TikTok,Doran vs Faker ‚Äî Janggi match Part 3 ‚ôü Doran wants a rematch because h... |  TikTok,https://www.tiktok.com/@t1lol_faker/video/7566135599355137298,https://encrypted-tbn0.gstatic.com/images?q=tbn:ANd9GcQP11LkS8i6KotDE7EB0zdbymTwV3e-5h6Z0w&s,t1lol_faker,https://www.tiktok.com/@t1lol_faker,7566135599355137298
90,TikTok,Faker: GOAT Facts and Gameplay Highlights,https://www.tiktok.com/@thescoreesports/video/7504413173223656710,https://encrypted-tbn0.gstatic.com/images?q=tbn:ANd9GcQIaxx8K-MpkcZNTpGMdNCPuFZpBuM7PhmpCg&s,thescoreesports,https://www.tiktok.com/@thescoreesports,7504413173223656710
91,TikTok,Why Faker is Considered the Greatest of All Time,https://www.tiktok.com/@iwdominate_twitch/video/7534928951291022623,https://encrypted-tbn0.gstatic.com/images?q=tbn:ANd9GcTTLQUmUUhXiEDSuz0U3v7Sq1fSu-r6CvjNxA&s,iwdominate_twitch,https://www.tiktok.com/@iwdominate_twitch,7534928951291022623
92,TikTok,Faker's Incredible League of Legends Highlights,https://www.tiktok.com/@midbeast/video/7553667033645272327,https://encrypted-tbn0.gstatic.com/images?q=tbn:ANd9GcSHAoFNqay8kT2uV3B_Ul4Bc6Dkc6QTmpgtvA&s,midbeast,https://www.tiktok.com/@midbeast,7553667033645272327
93,TikTok,Faker dodge what what #shorts #FAKER #T1TV #T1WIN #T1Fighting | TikTok,https://www.tiktok.com/@t1fakerfans/video/7189268177585442090,https://encrypted-tbn0.gstatic.com/images?q=tbn:ANd9GcRULde3oJ3Xv5KtDUlpU3wHJegv5xwoAPXzoA&s,t1fakerfans,https://www.tiktok.com/@t1fakerfans,7189268177585442090
94,TikTok,Can League Survive Without Faker? #LeagueofLegends #Faker #T1 #esports  #gaming,https://www.tiktok.com/@thescoreesports/video/7537427319267413304,https://encrypted-tbn0.gstatic.com/images?q=tbn:ANd9GcT8onW9EOpgu1_tfFZT1W99dqRoVl4RIMiRJw&s,thescoreesports,https://www.tiktok.com/@thescoreesports,7537427319267413304
95,TikTok,Faker Rages and Flash in Soloq - Stolen Penta Reaction üòÖ,https://www.tiktok.com/@caedrel/video/7286230380925963553,https://encrypted-tbn0.gstatic.com/images?q=tbn:ANd9GcT9oLiWm1_NAshj5vg1zxaAns2w1FrxXb6DbQ&s,caedrel,https://www.tiktok.com/@caedrel,7286230380925963553
96,TikTok,Faker's Potential Role as T1's Support in League of Legends,https://www.tiktok.com/@faethymes/video/7511693013534510358,https://encrypted-tbn0.gstatic.com/images?q=tbn:ANd9GcSwEKETVbDf_fiwUdOREC9ONkqNkZh8nvEtmw&s,faethymes,https://www.tiktok.com/@faethymes,7511693013534510358
97,TikTok,Keria sat in the wrong seat (Doran's seat) xdd Faker looks so cute con... |  TikTok,https://www.tiktok.com/@t1lol_faker/video/7571800719695695112,https://encrypted-tbn0.gstatic.com/images?q=tbn:ANd9GcQiujThx_Om_fX5IK-d7_P1zzWwzZfZ0gUvhg&s,t1lol_faker,https://www.tiktok.com/@t1lol_faker,7571800719695695112
98,TikTok,Is Faker Overrated? An In-Depth Analysis,https://www.tiktok.com/@giantxleague/video/7304209701359602977,https://encrypted-tbn0.gstatic.com/images?q=tbn:ANd9GcSyhsyCMstxo1QGdNBwpNIIVMx4e_ArcvdjaA&s,giantxleague,https://www.tiktok.com/@giantxleague,7304209701359602977
99,TikTok,League of Legends Esports: Faker Glow Up Transformation Revealed,https://www.tiktok.com/@teambds/video/7330259480606805280,https://encrypted-tbn0.gstatic.com/images?q=tbn:ANd9GcQxHaO9gJrxQUht55CNgbGNAog-bK9DmNPzWg&s,teambds,https://www.tiktok.com/@teambds,7330259480606805280
100,TikTok,‚öæÔ∏èüß¢#faker #t1 #lolesports #leagueoflegends #worlds2025 | TikTok,https://www.tiktok.com/@shyknocklol/video/7572390975109139743,https://encrypted-tbn0.gstatic.com/images?q=tbn:ANd9GcSD_F863_pJyp0jTjgzCFTz-PO5m3e7zqySSA&s,shyknocklol,https://www.tiktok.com/@shyknocklol,7572390975109139743
101,TikTok,Faker Reveals Ahri Skin in Epic LoL Arena Battle,https://www.tiktok.com/@zhieima/video/7383884757567950085,https://encrypted-tbn0.gstatic.com/images?q=tbn:ANd9GcSIufr4qKSzQTJkFmZSxWxSvtz5gdsbmssGfA&s,zhieima,https://www.tiktok.com/@zhieima,7383884757567950085
102,TikTok,Faker Gameplay Highlights in League of Legends | TikTok,https://www.tiktok.com/@trrunksz/video/7545737903037549846,https://encrypted-tbn0.gstatic.com/images?q=tbn:ANd9GcQrxWWTpyyDnZN6p7VOEW93lPJHpUPAP0ffmQ&s,trrunksz,https://www.tiktok.com/@trrunksz,7545737903037549846
103,TikTok,league of legends t1 faker and his teammates #leagueoflegends  #GamingOnTikTok #gaming #lolesports #faker,https://www.tiktok.com/@dailyleagu3/video/7572471357766700310,https://encrypted-tbn0.gstatic.com/images?q=tbn:ANd9GcQhBcLt6dVmvfaGi3zMYQ8bBXwk_XMEg1yBIA&s,dailyleagu3,https://www.tiktok.com/@dailyleagu3,7572471357766700310
104,TikTok,Legendary Faker vs Ryu Moment in League of Legends | TikTok,https://www.tiktok.com/@onionsrgarb/video/7569893460564643090,https://encrypted-tbn0.gstatic.com/images?q=tbn:ANd9GcQ8YJt3L3b5mhbrjVrDxZ8pUltnUN7jJs576A&s,onionsrgarb,https://www.tiktok.com/@onionsrgarb,7569893460564643090
105,TikTok,When a rookie plays against Faker #leagueoflegends #cloud9 #lcs | League Of  Legends | TikTok,https://www.tiktok.com/@c9league/video/7338130843304496415,https://encrypted-tbn0.gstatic.com/images?q=tbn:ANd9GcSlnd2wgL1MQZ9pMMwVMj7v-EMyDpSnjQyeTw&s,c9league,https://www.tiktok.com/@c9league,7338130843304496415
106,TikTok,Iconic Faker Play in League of Legends History,https://www.tiktok.com/@dailyleagu3/video/7273562756371074337,https://encrypted-tbn0.gstatic.com/images?q=tbn:ANd9GcQO7uQX_pUWZYMVAnUO2iP_FF7H-TVXpb40Og&s,dailyleagu3,https://www.tiktok.com/@dailyleagu3,7273562756371074337
107,TikTok,Faker Outplay Highlights in League of Legends,https://www.tiktok.com/@t1fakerfans/video/7220064508767767851,https://encrypted-tbn0.gstatic.com/images?q=tbn:ANd9GcSpmzUx0mm5E1lFKPmArHtnriRPVxS4jkf9rA&s,t1fakerfans,https://www.tiktok.com/@t1fakerfans,7220064508767767851
108,TikTok,T1 Faker's Journey to League of Legends Worlds | TikTok,https://www.tiktok.com/@xelornox10/video/7546396601061854486,https://encrypted-tbn0.gstatic.com/images?q=tbn:ANd9GcSklin7qVuVzdX6WgMLJwu9-JnD8XZw713PLQ&s,xelornox10,https://www.tiktok.com/@xelornox10,7546396601061854486
109,TikTok,Faker Calls: A League of Legends Flashback | TikTok,https://www.tiktok.com/@trrunksz/video/7545461035075931414,https://encrypted-tbn0.gstatic.com/images?q=tbn:ANd9GcRKbniAIJAuzfQBRUDMQbqy0ZnBBVoo2QIAuQ&s,trrunksz,https://www.tiktok.com/@trrunksz,7545461035075931414
110,TikTok,Faker's Dominance in T1 League of Legends Gameplay,https://www.tiktok.com/@jacksonroyc/video/7531877484401315102,https://encrypted-tbn0.gstatic.com/images?q=tbn:ANd9GcTGl790y8YpXlnFPl1MsQgKJTVU-YQoSQRPgA&s,jacksonroyc,https://www.tiktok.com/@jacksonroyc,7531877484401315102
111,TikTok,Is Faker Washed? The Truth About League of Legends Legend,https://www.tiktok.com/@1doublelift/video/7369152622588120326,https://encrypted-tbn0.gstatic.com/images?q=tbn:ANd9GcSjdELAiojZBh5x2qigH_LTjJcUqCju7ZyvJg&s,1doublelift,https://www.tiktok.com/@1doublelift,7369152622588120326
112,TikTok,Fakers Mind-Blowing Gameplay Breaks Ankles | League of Legends,https://www.tiktok.com/@caedrel/video/7384947868320156960,https://encrypted-tbn0.gstatic.com/images?q=tbn:ANd9GcQSGmZbUwhfCw_kJyQo3bkC6NIKiLonp0D87w&s,caedrel,https://www.tiktok.com/@caedrel,7384947868320156960
113,TikTok,Faker: Hilarious League of Legends Memes,https://www.tiktok.com/@leapexgameytb/video/7157140172935564549,https://encrypted-tbn0.gstatic.com/images?q=tbn:ANd9GcT6s3acMVSJWo4IeSeInpKRbPcWMUL8tl4hbg&s,leapexgameytb,https://www.tiktok.com/@leapexgameytb,7157140172935564549
114,TikTok,Faker Aura Farming: Behind TES at Worlds 2025 | TikTok,https://www.tiktok.com/@ggitsryan_/video/7568060348322942238,https://encrypted-tbn0.gstatic.com/images?q=tbn:ANd9GcQ4hlcPAxTqXq3VcFbxXzz1NhSWBaPXHNqgnA&s,ggitsryan_,https://www.tiktok.com/@ggitsryan_,7568060348322942238
115,TikTok,The greatest E-sports athlete of all time #faker #t1 #esports  #leagueoflegends,https://www.tiktok.com/@billyhan_/video/7572327858387881227,https://encrypted-tbn0.gstatic.com/images?q=tbn:ANd9GcSs_ngbS9VvUv9mLroo0CzQZQ2HTY2iOdmAcQ&s,billyhan_,https://www.tiktok.com/@billyhan_,7572327858387881227
116,TikTok,Faker: The Best Normal Game Player of All Time,https://www.tiktok.com/@nymaera/video/7307691912905919776,https://encrypted-tbn0.gstatic.com/images?q=tbn:ANd9GcSUVzN_1PYGFUWMeRLnOSnYzcjLAw7JzX3xvQ&s,nymaera,https://www.tiktok.com/@nymaera,7307691912905919776
117,TikTok,"Faker, le GOAT de League of Legends ? | TikTok",https://www.tiktok.com/@gumbaicnt/video/7571188216162749718,https://encrypted-tbn0.gstatic.com/images?q=tbn:ANd9GcSuoA5koPWeVzfl7-lGkD5KnYtMQ5DLXdOZug&s,gumbaicnt,https://www.tiktok.com/@gumbaicnt,7571188216162749718
118,TikTok,Faker's Unbelievable Performance Without Glasses | TikTok,https://www.tiktok.com/@t1keriaryuu/video/7341369764629236998,https://encrypted-tbn0.gstatic.com/images?q=tbn:ANd9GcS0L7ie98F-W5nM-pjFEQk62nKx9k9A19jieg&s,t1keriaryuu,https://www.tiktok.com/@t1keriaryuu,7341369764629236998
120,TikTok,Is Faker a SCUTTLER in League of Legends?,https://www.tiktok.com/@jankos.lol/video/7515078025944255766,https://encrypted-tbn0.gstatic.com/images?q=tbn:ANd9GcTVpR46EAAHV3twua9vcpc3nynRFih9pkwzSg&s,jankos.lol,https://www.tiktok.com/@jankos.lol,7515078025944255766
121,TikTok,Top Competitive Gaming Moments in StarCraft With T1 Players | TikTok,https://www.tiktok.com/@redbullgaming/video/7156615105650707718,https://encrypted-tbn0.gstatic.com/images?q=tbn:ANd9GcTcyMfYk3UZ_Jx32GWsEKRgx59y5sCJtjFUxw&s,redbullgaming,https://www.tiktok.com/@redbullgaming,7156615105650707718
122,TikTok,Faker Dominates Again in League of Legends Gameplay,https://www.tiktok.com/@thescoreesports/video/7566313355468688661,https://encrypted-tbn0.gstatic.com/images?q=tbn:ANd9GcRTa2Uo_JFFOt8RPYnqmdGCYZ_ETp4fkZgF-w&s,thescoreesports,https://www.tiktok.com/@thescoreesports,7566313355468688661
123,TikTok,Faker No Look Play in League of Legends,https://www.tiktok.com/@t1fakerfans/video/7224142853310549290,https://encrypted-tbn0.gstatic.com/images?q=tbn:ANd9GcTuzHZuFfyANNrwtVoOiemB8DWAS-FOa8KrFA&s,t1fakerfans,https://www.tiktok.com/@t1fakerfans,7224142853310549290
124,TikTok,How Faker Became the Best League of Legends Player,https://www.tiktok.com/@lemisteryt/video/7543614885553278230,https://encrypted-tbn0.gstatic.com/images?q=tbn:ANd9GcQ6PVDDGQBFgFQfwqMN7yhcueO0Nnx4vVtPEw&s,lemisteryt,https://www.tiktok.com/@lemisteryt,7543614885553278230
125,TikTok,Faker's Hilarious Side Quests in League of Legends | TikTok,https://www.tiktok.com/@smoothiesjtiktok/video/7570702263337930006,https://encrypted-tbn0.gstatic.com/images?q=tbn:ANd9GcShXOZectAUa8OTNogXkj-1qSeBCafKufmoiw&s,smoothiesjtiktok,https://www.tiktok.com/@smoothiesjtiktok,7570702263337930006
126,TikTok,Understanding Faker's Azir Strategy in LoL Esports,https://www.tiktok.com/@ggitsryan_/video/7565131914101656862,https://encrypted-tbn0.gstatic.com/images?q=tbn:ANd9GcQPQrFrd3yufmfSo_fcq1rN8EA6lQTer3UEWw&s,ggitsryan_,https://www.tiktok.com/@ggitsryan_,7565131914101656862
127,TikTok,FAKER WHAT WAS THAT #caedrel #leaguetiktok #leagueoflegends #fyp #faker,https://www.tiktok.com/@caedrel/video/7357717727894572321,https://encrypted-tbn0.gstatic.com/images?q=tbn:ANd9GcTewMSikRI954QTMy9lLvgDBmILq7UgqgzLog&s,caedrel,https://www.tiktok.com/@caedrel,7357717727894572321
128,TikTok,Faker vence e faz hist√≥ria no League of Legends,https://www.tiktok.com/@luisshowtana/video/7389379181957631237,https://encrypted-tbn0.gstatic.com/images?q=tbn:ANd9GcS-sb5LrAir57d1V6aZFtDh7sYkB5jGSEO09g&s,luisshowtana,https://www.tiktok.com/@luisshowtana,7389379181957631237
129,TikTok,The Evolution of Faker: A Decade of Dominance in League of Legends,https://www.tiktok.com/@t1mylife/video/7197036715389766938,https://encrypted-tbn0.gstatic.com/images?q=tbn:ANd9GcSieqGObor5SX5orwrRJartDr9KVDLEmkB_Tw&s,t1mylife,https://www.tiktok.com/@t1mylife,7197036715389766938
130,TikTok,League of Legends 2017 vs 2023: Faker's Evolution | Jhin's Ult Guide,https://www.tiktok.com/@leapexgameytb/video/7300562930247028001,https://encrypted-tbn0.gstatic.com/images?q=tbn:ANd9GcQhZHbSZfxmjaHM0afmP_4o3U6HAFgpb3ewRg&s,leapexgameytb,https://www.tiktok.com/@leapexgameytb,7300562930247028001
131,TikTok,THE FAKER FLANK | TikTok,https://www.tiktok.com/@lolesports/video/7523745471911742775,https://encrypted-tbn0.gstatic.com/images?q=tbn:ANd9GcT8R8Jv8hjqYCQnicIrQ39U74x-cPfKWtTMkg&s,lolesports,https://www.tiktok.com/@lolesports,7523745471911742775
132,TikTok,Faker vs Chovy: MSI Finals Preview and Insights,https://www.tiktok.com/@shyknocklol/video/7526219048108035341,https://encrypted-tbn0.gstatic.com/images?q=tbn:ANd9GcQVFP0cbQTVENjJ8bfnmYyvSQ4p2m7e-FCBJw&s,shyknocklol,https://www.tiktok.com/@shyknocklol,7526219048108035341
133,TikTok,$500 Faker Skin League of Legends | Cult Clips,https://www.tiktok.com/@humzhcult/video/7380524005305912607,https://encrypted-tbn0.gstatic.com/images?q=tbn:ANd9GcReo9O6NkrVtUOGh2_rNKvBjPTBKW94z6e-Hg&s,humzhcult,https://www.tiktok.com/@humzhcult,7380524005305912607
136,TikTok,Faker's Legendary Shockwave Against KT | LCK 2017,https://www.tiktok.com/@dailyleague00/video/7322794601192934689,https://encrypted-tbn0.gstatic.com/images?q=tbn:ANd9GcTlPncSINx56rQO2NqkmEOJwe_pz5TDUyxlUQ&s,dailyleague00,https://www.tiktok.com/@dailyleague00,7322794601192934689
137,TikTok,Faker Storytime: Olaf Pick in 2015!,https://www.tiktok.com/@nymaera/video/7307006586407456032,https://encrypted-tbn0.gstatic.com/images?q=tbn:ANd9GcTN8tfpWUl71s8jldrwmNkzdnyujYBD7dTGTg&s,nymaera,https://www.tiktok.com/@nymaera,7307006586407456032
138,TikTok,Congrats to faker #lol #faker #t1 | faker | TikTok,https://www.tiktok.com/@trumpbyryan/video/7570701831999966495,https://encrypted-tbn0.gstatic.com/images?q=tbn:ANd9GcR8zhGmKaimksL8VX5Z7zR9j4DytETnKo9PeA&s,trumpbyryan,https://www.tiktok.com/@trumpbyryan,7570701831999966495
139,TikTok,Faker's Unbelievable Sidestep Skills in League of Legends,https://www.tiktok.com/@epicplays_lol/video/7376244981276609824,https://encrypted-tbn0.gstatic.com/images?q=tbn:ANd9GcRP1VsfxKJiHoMRz_oyAzPg-mjk4NET77P9Iw&s,epicplays_lol,https://www.tiktok.com/@epicplays_lol,7376244981276609824
140,TikTok,Faker the only number 1 and for ever . . #faker #worldsleagueoflegend... |  TikTok,https://www.tiktok.com/@thisisclutch/video/7570004037949574422,https://encrypted-tbn0.gstatic.com/images?q=tbn:ANd9GcRVFOiCeifCuoXxHQPzyJejSOGnG065RECeUg&s,thisisclutch,https://www.tiktok.com/@thisisclutch,7570004037949574422
141,TikTok,How rich is Faker? He just won his sixth League of Legends World Champ... |  TikTok,https://www.tiktok.com/@01234movie/video/7571654219669769527,https://encrypted-tbn0.gstatic.com/images?q=tbn:ANd9GcRuEu1o5ZUFfZt07FpusYVmgbgF72YmAeZs9Q&s,01234movie,https://www.tiktok.com/@01234movie,7571654219669769527
142,TikTok,Faker's Epic League of Legends Moments This Summer,https://www.tiktok.com/@aileenrosas/video/7543388044171267335,https://encrypted-tbn0.gstatic.com/images?q=tbn:ANd9GcS1tJHP3ZtJBktsN6mJjkMt87zGdD4oJH_Q2g&s,aileenrosas,https://www.tiktok.com/@aileenrosas,7543388044171267335
143,TikTok,Faker Sonic Doodle: Art and Creativity Unleashed | TikTok,https://www.tiktok.com/@jason_art17/video/7121085743899970862,https://encrypted-tbn0.gstatic.com/images?q=tbn:ANd9GcSe-aqzUZUWdHaegDoSH80PCh3hGrQWN7rxRA&s,jason_art17,https://www.tiktok.com/@jason_art17,7121085743899970862
144,TikTok,FAKER DID WHAT?! #lolesports #lck #faker #t1 | TikTok,https://www.tiktok.com/@lolesports/video/7357712743820004651,https://encrypted-tbn0.gstatic.com/images?q=tbn:ANd9GcRi9aK0F2B5DbDT4DuTYtquoJuzjibC7XkIgg&s,lolesports,https://www.tiktok.com/@lolesports,7357712743820004651
146,TikTok,Faker: Four More Years in League of Legends! | TikTok,https://www.tiktok.com/@_rxsemxe/video/7531806982970346759,https://encrypted-tbn0.gstatic.com/images?q=tbn:ANd9GcTHPR0QTbBuFGt3ibSMtLMAAJsZdWDti-cehA&s,_rxsemxe,https://www.tiktok.com/@_rxsemxe,7531806982970346759
147,TikTok,Faker's Incredible Performance at Worlds 2025 | TikTok,https://www.tiktok.com/@keannexhok/video/7570750898968726840,https://encrypted-tbn0.gstatic.com/images?q=tbn:ANd9GcRPEQzCmP1jFPK2y17iso8MuGY4lSDm5C7QCA&s,keannexhok,https://www.tiktok.com/@keannexhok,7570750898968726840
148,TikTok,Faker: The League of Legends Icon Breaking Barriers | TikTok,https://www.tiktok.com/@actuallyjustdanny/video/7568728633473338679,https://encrypted-tbn0.gstatic.com/images?q=tbn:ANd9GcTt21ngcspUORgRfnErN84x80KqNAEu1WKtOA&s,actuallyjustdanny,https://www.tiktok.com/@actuallyjustdanny,7568728633473338679
149,TikTok,How rich is Faker? He just won his sixth League of Legends World Champ... |  faker | TikTok,https://www.tiktok.com/@jhhga1211/video/7571407783967460663,https://encrypted-tbn0.gstatic.com/images?q=tbn:ANd9GcTZaf7KqLMSrlFDcUGSHW9P9wxX0Hwi2aak4Q&s,jhhga1211,https://www.tiktok.com/@jhhga1211,7571407783967460663
150,TikTok,Faker Fans and Their Delusional Claims in Esports | TikTok,https://www.tiktok.com/@vaccool/video/7568471812657384726,https://encrypted-tbn0.gstatic.com/images?q=tbn:ANd9GcQzpw1TaDOcqxSYdcVPxfKSLPalzNe23BjW1g&s,vaccool,https://www.tiktok.com/@vaccool,7568471812657384726
151,TikTok,Faker's Epic League of Legends Moments at Worlds,https://www.tiktok.com/@noefa_tt/video/7561789911704096008,https://encrypted-tbn0.gstatic.com/images?q=tbn:ANd9GcQaNC5k0KJQOLKwsuRc46w5slHhhy2UJ6WrDw&s,noefa_tt,https://www.tiktok.com/@noefa_tt,7561789911704096008
152,TikTok,Playing Against Faker in League of Legends,https://www.tiktok.com/@vgamezzzs/video/7506280446779510038,https://encrypted-tbn0.gstatic.com/images?q=tbn:ANd9GcQXRaU_a0SYVXxmvDC_0DZaSNaqLC4VZj6igA&s,vgamezzzs,https://www.tiktok.com/@vgamezzzs,7506280446779510038
154,TikTok,Î∏åÎ¶øÌåùÏùò Îß§Î†•: FAKER x CHOVYÏùò ÎßåÎÇ® | TikTok,https://www.tiktok.com/@fakernim/video/7472854019833269550,https://encrypted-tbn0.gstatic.com/images?q=tbn:ANd9GcSKUYGnt-bZN92q0SGJodMKUobtxJ6c9w60gw&s,fakernim,https://www.tiktok.com/@fakernim,7472854019833269550
155,TikTok,Stray Kids React to Faker: An Emotional Moment | TikTok,https://www.tiktok.com/@hyun.hour/video/7541382237908897046,https://encrypted-tbn0.gstatic.com/images?q=tbn:ANd9GcRp9jbOZ3S300D1-D4Algel5mqvoZg1UwNZOw&s,hyun.hour,https://www.tiktok.com/@hyun.hour,7541382237908897046
156,TikTok,Faker's Historic Third League of Legends Championship Win | TikTok,https://www.tiktok.com/@user28587569290152/video/7571766744373562638,https://encrypted-tbn0.gstatic.com/images?q=tbn:ANd9GcSRIh7fGXrkrBR7DdjKxR0WyO4_vyi8d69X2w&s,user28587569290152,https://www.tiktok.com/@user28587569290152,7571766744373562638
157,TikTok,Fakers Beat Gumayusi in Epic SOOP Stream Showdown | TikTok,https://www.tiktok.com/@soop_en/video/7506704256498421023,https://encrypted-tbn0.gstatic.com/images?q=tbn:ANd9GcTaH_doqeRFBwj62-mUDNxzqqCR29V4PNH3nA&s,soop_en,https://www.tiktok.com/@soop_en,7506704256498421023
158,TikTok,Faker Outplays Gangplank with Dodges in League of Legends,https://www.tiktok.com/@t1fakerfans/video/7204100792998006058,https://encrypted-tbn0.gstatic.com/images?q=tbn:ANd9GcSNG5O3MX3zbIbDDbGb9a7RDRh9xnWJRUjyrQ&s,t1fakerfans,https://www.tiktok.com/@t1fakerfans,7204100792998006058
159,TikTok,Faker is so honored by getting these skins üëÄ // ib: @DoveeüïäÔ∏è #faker #lol  #leaguetiktok #riotgames #leagueoflegends #ahri #skin #immortalizedlegend  #ahriedit #edit #aftereffects #viral #tiktok #fyp #fy ...,https://www.tiktok.com/@warcholek/video/7374479837651684640,https://encrypted-tbn0.gstatic.com/images?q=tbn:ANd9GcQphARH10ZVil-6U6-vLgPOyFQ3uviXyVnPgg&s,warcholek,https://www.tiktok.com/@warcholek,7374479837651684640
160,TikTok,Faker: The GOAT of League of Legends | TikTok,https://www.tiktok.com/@soop_en/video/7520047984516566302,https://encrypted-tbn0.gstatic.com/images?q=tbn:ANd9GcQDoUqlQ5QuzhsN5s73sh7iP2B9nW4ctpxwzg&s,soop_en,https://www.tiktok.com/@soop_en,7520047984516566302
161,TikTok,Faker's Epic Gameplay: Can He Carry Inting Baus?,https://www.tiktok.com/@thebausffstiktok/video/7341877451083107627,https://encrypted-tbn0.gstatic.com/images?q=tbn:ANd9GcQAALlpBKrN_muUFtgQZ1Fch3z7yy9n08e1GQ&s,thebausffstiktok,https://www.tiktok.com/@thebausffstiktok,7341877451083107627
162,TikTok,Doran's Impressive Plays in League of Legends,https://www.tiktok.com/@highlighthubb_/video/7523003554303429910,https://encrypted-tbn0.gstatic.com/images?q=tbn:ANd9GcTngZdTSEry7U6iG8WO9CC1mlmCjsoPHGGaPQ&s,highlighthubb_,https://www.tiktok.com/@highlighthubb_,7523003554303429910
163,TikTok,Faker Best Moments in League of Legends,https://www.tiktok.com/@t1fakerfans/video/7331012696265100590,https://encrypted-tbn0.gstatic.com/images?q=tbn:ANd9GcT2N0OuFZS4pmNtXHcKMSPSeiZt8SZub8s-YQ&s,t1fakerfans,https://www.tiktok.com/@t1fakerfans,7331012696265100590
164,TikTok,Insured Faker Hand: A Wealth of Value,https://www.tiktok.com/@caedrel/video/7256135397367909658,https://encrypted-tbn0.gstatic.com/images?q=tbn:ANd9GcTb51jDZojI7s5TCtT0htxeKf2aAKzGpgRBCw&s,caedrel,https://www.tiktok.com/@caedrel,7256135397367909658
165,TikTok,Faker Trusting Doran's Play Style vs Top Esports | TikTok,https://www.tiktok.com/@ggitsryan_/video/7568375432421051678,https://encrypted-tbn0.gstatic.com/images?q=tbn:ANd9GcQbpBQPAlOvBdd8N_5PeXjJ58py-5duLoWgYA&s,ggitsryan_,https://www.tiktok.com/@ggitsryan_,7568375432421051678
166,TikTok,Meeting Faker in Solo Queue: A League of Legends Encounter | TikTok,https://www.tiktok.com/@6pekclips/video/7571197383866862870,https://encrypted-tbn0.gstatic.com/images?q=tbn:ANd9GcQ2z_T5B27oChhZp2rHP9LKfqBsilEBSveBFQ&s,6pekclips,https://www.tiktok.com/@6pekclips,7571197383866862870
167,TikTok,Faker's Power Move: When T1 Uses Skins,https://www.tiktok.com/@anthemlol/video/7376077753033952555,https://encrypted-tbn0.gstatic.com/images?q=tbn:ANd9GcQOzZlKUaZWAkgdJqbIQ8mSJY7ai9-jtz-Hlg&s,anthemlol,https://www.tiktok.com/@anthemlol,7376077753033952555
168,TikTok,Faker Isn't player. He's the final Boss of esports #faker #leagueofleg... |  Faker | TikTok,https://www.tiktok.com/@zqspc2/video/7571767538439163166,https://encrypted-tbn0.gstatic.com/images?q=tbn:ANd9GcQh0lgSZ2nOTIQyqcyv8ohLYL-GVy4vYSlkXw&s,zqspc2,https://www.tiktok.com/@zqspc2,7571767538439163166
169,TikTok,Faker Aura Farming at Worlds Finals 2025,https://www.tiktok.com/@lpl_official/video/7570663316725550350,https://encrypted-tbn0.gstatic.com/images?q=tbn:ANd9GcSF5-VLcubdWY7VEKCEThP4fIbfD-gK-CEzGg&s,lpl_official,https://www.tiktok.com/@lpl_official,7570663316725550350
170,TikTok,The Legend of SKT T1 Faker: Domination in NA SoloQ,https://www.tiktok.com/@nymaera/video/7306662111269096736,https://encrypted-tbn0.gstatic.com/images?q=tbn:ANd9GcRUYQMAOvwE_Ip8DVuCobrXn-bqqn2cxt2DfQ&s,nymaera,https://www.tiktok.com/@nymaera,7306662111269096736
171,TikTok,Exploring Faker's World: Unveiling the Map üó∫Ô∏èüòÇ,https://www.tiktok.com/@leagueofclipz/video/7172650868507004166,https://encrypted-tbn0.gstatic.com/images?q=tbn:ANd9GcR5Z8t1stCU15iyPlvLVDSMlsbvZ2nlEGS15w&s,leagueofclipz,https://www.tiktok.com/@leagueofclipz,7172650868507004166
172,TikTok,Vladi vs Faker: Epic 1v1 Gaming Showdown,https://www.tiktok.com/@redbullgaming/video/7448773801984232726,https://encrypted-tbn0.gstatic.com/images?q=tbn:ANd9GcT-WVGKMFArptT_6nqjN84zBquwwu-P2Xs5_g&s,redbullgaming,https://www.tiktok.com/@redbullgaming,7448773801984232726
173,TikTok,Zeus Playing Exit 8 Game Highlights | T1 Memes | TikTok,https://www.tiktok.com/@camirruu/video/7316902088804404485,https://encrypted-tbn0.gstatic.com/images?q=tbn:ANd9GcRGXfRfwyGuyKekoVjspLHCnbB3KCtahnLsJg&s,camirruu,https://www.tiktok.com/@camirruu,7316902088804404485
175,TikTok,Faker's Hidden Talent Revealed: A Musician in the Mid Lane,https://www.tiktok.com/@thescoreesports/video/7393421853424897286,https://encrypted-tbn0.gstatic.com/images?q=tbn:ANd9GcT98izQ7yRkXGALu5wC6bLJaAqrV_gx0667dg&s,thescoreesports,https://www.tiktok.com/@thescoreesports,7393421853424897286
176,TikTok,The GOAT#t1 #leagueoflegends #worlds #caedrel #faker | TikTok,https://www.tiktok.com/@highlighthubb_/video/7570825207271738646,https://encrypted-tbn0.gstatic.com/images?q=tbn:ANd9GcQ-UlCcDN81yOhrLLqd2Ns6ZXJAy5h0xnS1aA&s,highlighthubb_,https://www.tiktok.com/@highlighthubb_,7570825207271738646
177,TikTok,Faker Clutching Out Game 5 Reaction | T1 vs G2,https://www.tiktok.com/@caedrel/video/7367517980583808289,https://encrypted-tbn0.gstatic.com/images?q=tbn:ANd9GcQgcOqtyHNZS-nX_ZHI0Am6G3xehPT4kPAl9Q&s,caedrel,https://www.tiktok.com/@caedrel,7367517980583808289
179,TikTok,Faker: The GOAT of League of Legends Explained,https://www.tiktok.com/@mioseiyu/video/7570709454438780168,https://encrypted-tbn0.gstatic.com/images?q=tbn:ANd9GcQdWVCS4JdJir6ffADUY4dBrGHgZYtyJnMOkA&s,mioseiyu,https://www.tiktok.com/@mioseiyu,7570709454438780168
180,TikTok,Faker No Skin Breakdown - League of Legends,https://www.tiktok.com/@imdiyu/video/7384172679135235360,https://encrypted-tbn0.gstatic.com/images?q=tbn:ANd9GcQpqPGIlZc8zv3qEEM5sK8uU5WGY33gbocghA&s,imdiyu,https://www.tiktok.com/@imdiyu,7384172679135235360
181,TikTok,Masterful Dodging Tips by Faker in League of Legends | TikTok,https://www.tiktok.com/@dendis190/video/7166383441653648645,https://encrypted-tbn0.gstatic.com/images?q=tbn:ANd9GcSohy_ZWJalTgp2vV_YHCrySDX4GCF7jDiA0A&s,dendis190,https://www.tiktok.com/@dendis190,7166383441653648645
182,TikTok,Meeting Faker: A Memorable League of Legends Moment | TikTok,https://www.tiktok.com/@koa.saki/video/7543943311241907478,https://encrypted-tbn0.gstatic.com/images?q=tbn:ANd9GcR2fKewU3MlwDeAWzn-B106uLr6s3uY7hnt8Q&s,koa.saki,https://www.tiktok.com/@koa.saki,7543943311241907478
183,TikTok,Stray Kids Meets Idol Faker: K-Pop Crossover Moments | TikTok,https://www.tiktok.com/@ggitsryan_/video/7571819524769582367,https://encrypted-tbn0.gstatic.com/images?q=tbn:ANd9GcQk9hPAchkR_zGaG-kzTqcdMl6C9cjK1_bFNQ&s,ggitsryan_,https://www.tiktok.com/@ggitsryan_,7571819524769582367
184,TikTok,Faker Reacts to Jhin's Flash Ultimate in League of Legends | TikTok,https://www.tiktok.com/@aminoxusgaming/video/7546785046607236354,https://encrypted-tbn0.gstatic.com/images?q=tbn:ANd9GcS2lgP1RF147JPWkVubYLmHLmJTU3nt9Qr22Q&s,aminoxusgaming,https://www.tiktok.com/@aminoxusgaming,7546785046607236354
185,TikTok,The Evolution of Faker in League of Legends | TikTok,https://www.tiktok.com/@america_goat_clip/video/7122912285793848581,https://encrypted-tbn0.gstatic.com/images?q=tbn:ANd9GcRQznOzcTSkDrog309HOZfOjrFAMFHb_fkHtg&s,america_goat_clip,https://www.tiktok.com/@america_goat_clip,7122912285793848581
186,TikTok,Faker's Future Plans Post-Retirement in League of Legends,https://www.tiktok.com/@lastfreenation/video/7562670795386932510,https://encrypted-tbn0.gstatic.com/images?q=tbn:ANd9GcRkjbDjZHm7YXYwan3TBM7iV8j4vt9TVOCeeA&s,lastfreenation,https://www.tiktok.com/@lastfreenation,7562670795386932510
187,TikTok,Faker's Most Iconic League of Legends Moments,https://www.tiktok.com/@ggezmontages/video/7515473552032812310,https://encrypted-tbn0.gstatic.com/images?q=tbn:ANd9GcRKDmGKTA99ImKTvTpZ2EHqY9fNhhPQhwPQlQ&s,ggezmontages,https://www.tiktok.com/@ggezmontages,7515473552032812310
188,TikTok,Faker Sylas Game 4 Highlights - League of Legends Worlds 2024 | TikTok,https://www.tiktok.com/@eingeltv/video/7434078235152878866,https://encrypted-tbn0.gstatic.com/images?q=tbn:ANd9GcRHGWL2vvMY38yIVyzmJHMJMdKltz6sN0l7pQ&s,eingeltv,https://www.tiktok.com/@eingeltv,7434078235152878866
189,TikTok,"Zeus, Oner, and Faker Create Unique League of Legends Champions | T1  Fighting",https://www.tiktok.com/@redbullgaming/video/7392192069592239392,https://encrypted-tbn0.gstatic.com/images?q=tbn:ANd9GcT73mn09dwb1Xln5jYboahm_UrIccETds_O4g&s,redbullgaming,https://www.tiktok.com/@redbullgaming,7392192069592239392
190,TikTok,Faker's Incredible Performance in League of Legends | TikTok,https://www.tiktok.com/@dewuyyy/video/7571211905637944599,https://encrypted-tbn0.gstatic.com/images?q=tbn:ANd9GcReJ03qMjysqbZr1T7aBd1UZV6IG_1Aa2Iuvw&s,dewuyyy,https://www.tiktok.com/@dewuyyy,7571211905637944599
191,TikTok,FAKER INSANE GRAB WOW! NICE! #lol #leagueoflegends #twitch #moba #faker  #dejwor #dc #dlaciebie #fy #foryou #insane #outplay #blitzcrank #blitz #clip,https://www.tiktok.com/@dejwor/video/7007515810663075077,https://encrypted-tbn0.gstatic.com/images?q=tbn:ANd9GcSbwlurqFOtEaa6768nwvI9vHEDidbSCF96Qw&s,dejwor,https://www.tiktok.com/@dejwor,7007515810663075077
192,TikTok,Faker 200 IQ Plays in League of Legends,https://www.tiktok.com/@bestplaysleagueoflegends/video/7287832313684053281,https://encrypted-tbn0.gstatic.com/images?q=tbn:ANd9GcRrVOrzjhb7m5LkzdtoeHvTNOsXCKCgLvZSQw&s,bestplaysleagueoflegends,https://www.tiktok.com/@bestplaysleagueoflegends,7287832313684053281
193,TikTok,Faker and s1mple: Titans of Competitive Esports | TikTok,https://www.tiktok.com/@us085893/video/7570191299123465503,https://encrypted-tbn0.gstatic.com/images?q=tbn:ANd9GcRh-lmJCCouPYpQ1rIrfojxELhTsh54Nk93JA&s,us085893,https://www.tiktok.com/@us085893,7570191299123465503
194,TikTok,Choi Wooje: A Rising Star in T1's League of Legends Team | TikTok,https://www.tiktok.com/@sanghyeokt1/video/7388378780496104709,https://encrypted-tbn0.gstatic.com/images?q=tbn:ANd9GcTmvIYcBG1JrSqpV2lIIZcqcqf334QMkW6ZOw&s,sanghyeokt1,https://www.tiktok.com/@sanghyeokt1,7388378780496104709
195,TikTok,Faker Secures Impressive Penta Kill in Epic Match,https://www.tiktok.com/@lolesports/video/7502049526904130858,https://encrypted-tbn0.gstatic.com/images?q=tbn:ANd9GcQz6EO22PMH64Bn9JsYKS1sdkUbhYvJhrl6gA&s,lolesports,https://www.tiktok.com/@lolesports,7502049526904130858
198,TikTok,I have come to bless ur fyp with fine men #faker #rascal #t1 #drx #lea... |  TikTok,https://www.tiktok.com/@sanghyeokt1/video/7318240220858617094,https://encrypted-tbn0.gstatic.com/images?q=tbn:ANd9GcSQzsK1jvr3ivA0wxXr1mJ7vCF02f8cfBIkvQ&s,sanghyeokt1,https://www.tiktok.com/@sanghyeokt1,7318240220858617094
199,TikTok,Faker's Epic Return to the Finals After 5 Years | TikTok,https://www.tiktok.com/@habibi.hmm/video/7293084804382199046,https://encrypted-tbn0.gstatic.com/images?q=tbn:ANd9GcSyDyt4t2OKtpQbtPDV8BjVHiu8ktW-HWv3hw&s,habibi.hmm,https://www.tiktok.com/@habibi.hmm,7293084804382199046
200,TikTok,"Faker:""The third trophy...is for my teammares."" He did it. Congratulations  T1, congratulations Faker. That was  amazing!!#t1#t1win#leagueoflegends#world2023#foryour",https://www.tiktok.com/@fant195317a/video/7303165542712577322,https://encrypted-tbn0.gstatic.com/images?q=tbn:ANd9GcTE0Lxp16rru1kl4EO83n_smNCya1lqscrBRw&s,fant195317a,https://www.tiktok.com/@fant195317a,7303165542712577322
201,TikTok,Faker's Impact in League of Legends Quarter Finals Game 5 | TikTok,https://www.tiktok.com/@mspemie/video/7567339638688402702,https://encrypted-tbn0.gstatic.com/images?q=tbn:ANd9GcRT0xNPvn7aP2kROwraQpgQiYEI0IYzta2A5g&s,mspemie,https://www.tiktok.com/@mspemie,7567339638688402702
202,TikTok,Stray Kids' New STAY Moment with Faker,https://www.tiktok.com/@hijabi_girl_kpop/video/7541372279050079506,https://encrypted-tbn0.gstatic.com/images?q=tbn:ANd9GcRjbG-bGMtA8ul2Ebgg7vRlBA8lc8g0AxU2Fw&s,hijabi_girl_kpop,https://www.tiktok.com/@hijabi_girl_kpop,7541372279050079506
203,TikTok,League of Legends Game Highlights with Faker and Caedrel,https://www.tiktok.com/@highlighthubb_/video/7567390627126676738,https://encrypted-tbn0.gstatic.com/images?q=tbn:ANd9GcRJyp-PkIaQzbQzgB-D14SXYg0GIuFgyoQZDg&s,highlighthubb_,https://www.tiktok.com/@highlighthubb_,7567390627126676738
204,TikTok,Thoughts on Faker's Gameplay | League of Legends,https://www.tiktok.com/@1doublelift/video/7322259811955936518,https://encrypted-tbn0.gstatic.com/images?q=tbn:ANd9GcQqQijD1J6u-BHjOpLm_X6B1DLJOwST97hQUA&s,1doublelift,https://www.tiktok.com/@1doublelift,7322259811955936518
205,TikTok,Faker: The Unkillable Demon King in League of Legends | TikTok,https://www.tiktok.com/@letremcook/video/7570621348930669846,https://encrypted-tbn0.gstatic.com/images?q=tbn:ANd9GcSPZgxa-19d_Y4EUopm2CRGkKEP5EaEoalY7A&s,letremcook,https://www.tiktok.com/@letremcook,7570621348930669846
206,TikTok,They did the unthinkable #t1 #leagueoflegends #worlds #faker #leaguetiktok,https://www.tiktok.com/@highlighthubb_/video/7570835556448406806,https://encrypted-tbn0.gstatic.com/images?q=tbn:ANd9GcR1QWwtI5a4l8pZZAcEDfG0VOG19aoYanYKYQ&s,highlighthubb_,https://www.tiktok.com/@highlighthubb_,7570835556448406806
208,TikTok,How rich is Faker? He just won his sixth League of Legends World Champ... |  TikTok,https://www.tiktok.com/@koi9688/video/7571746198978104606,https://encrypted-tbn0.gstatic.com/images?q=tbn:ANd9GcSeEyN9L4I8U9BkK1O3ValRft2O5JdXFbQ6AA&s,koi9688,https://www.tiktok.com/@koi9688,7571746198978104606
209,TikTok,T1 WINS WORLDS. FAKER GETS HIS SIXTH #leagueoflegends #esports #worlds2025  #t1 #faker,https://www.tiktok.com/@jacksonroyc/video/7570732174475873567,https://encrypted-tbn0.gstatic.com/images?q=tbn:ANd9GcSxTs6P7KzhguRPAqN2J4NgnsV94rqFPEk60Q&s,jacksonroyc,https://www.tiktok.com/@jacksonroyc,7570732174475873567
210,TikTok,Chovy vs Faker: The Rivalry in Esports Dominance | TikTok,https://www.tiktok.com/@h01ygrail/video/7571534579731811639,https://encrypted-tbn0.gstatic.com/images?q=tbn:ANd9GcQxAyaKPNuM8yIWzryvfWD-G6sVahQRznrHyA&s,h01ygrail,https://www.tiktok.com/@h01ygrail,7571534579731811639
211,TikTok,T1 Shocking Defeats without Faker - League of Legends Update,https://www.tiktok.com/@fictiongap/video/7253746395214138667,https://encrypted-tbn0.gstatic.com/images?q=tbn:ANd9GcTgx1yLOaNXmoaQldaiOQgmmBtM03YzzcHlcQ&s,fictiongap,https://www.tiktok.com/@fictiongap,7253746395214138667
213,TikTok,Timmy Battles Multitasking in Gaming Challenge | TikTok,https://www.tiktok.com/@redbullgaming/video/7559676006869634326,https://encrypted-tbn0.gstatic.com/images?q=tbn:ANd9GcQd6N670waeekghZHhLNSMkb5IbOi-e5kDYCA&s,redbullgaming,https://www.tiktok.com/@redbullgaming,7559676006869634326
215,TikTok,Faker's out here flicking rocks left and right ‚õ∞Ô∏è Match: T1 vs AL #Wor... |  t1 | TikTok,https://www.tiktok.com/@lolesports/video/7567312719779564814,https://encrypted-tbn0.gstatic.com/images?q=tbn:ANd9GcSF3UUk8FJDN_j0rcRRAjwpKX9pscTUfOP89A&s,lolesports,https://www.tiktok.com/@lolesports,7567312719779564814
216,TikTok,Mi tradici√≥n favorita en Worlds 2025 | TikTok,https://www.tiktok.com/@eefjeuh/video/7567400280745102614,https://encrypted-tbn0.gstatic.com/images?q=tbn:ANd9GcSMkTzZznprppvKGxCP6uS7vDt3xMv6fFw79Q&s,eefjeuh,https://www.tiktok.com/@eefjeuh,7567400280745102614
219,TikTok,3 years are all faker #lolesports #leagueoflegends #t1 #faker #world | faker  | TikTok,https://www.tiktok.com/@mitcherrmanlol/video/7571804177286909214,https://encrypted-tbn0.gstatic.com/images?q=tbn:ANd9GcSPoN_g6PxFN_3wcdLbA3pBk8z2c70Vz5vNig&s,mitcherrmanlol,https://www.tiktok.com/@mitcherrmanlol,7571804177286909214
221,TikTok,Faker's Exciting Journey with Stray Kids for 'Ceremony' | TikTok,https://www.tiktok.com/@youknow_leeknow2/video/7542166068777864456,https://encrypted-tbn0.gstatic.com/images?q=tbn:ANd9GcQLsZv30JEWvFA4_mFuQ6T9lNyTBWeTMpTScg&s,youknow_leeknow2,https://www.tiktok.com/@youknow_leeknow2,7542166068777864456
223,TikTok,Faker's Top 5 Casting Calls in League of Legends | TikTok,https://www.tiktok.com/@ggitsryan_/video/7569406341035412766,https://encrypted-tbn0.gstatic.com/images?q=tbn:ANd9GcTIP8T8LO6_langiKLmpRxtK744oI3CvM_-9g&s,ggitsryan_,https://www.tiktok.com/@ggitsryan_,7569406341035412766
224,TikTok,"Tyler1 roasts EVERY league of legends player. From Faker from T1, to Ludwig  vs Dantes, to Doublelift, the best NA LOL player. Tyler1 also ranks  himself, as well as Zeus and other pro League players. ...",https://www.tiktok.com/@thebausffstiktok/video/7543051439627619598,https://encrypted-tbn0.gstatic.com/images?q=tbn:ANd9GcTFwTUMIlNe1-9uYZZ9VJky9UmvCDCN7yY4eQ&s,thebausffstiktok,https://www.tiktok.com/@thebausffstiktok,7543051439627619598
225,TikTok,Faker's Coin Reveal Fails: A League of Legends Moment | TikTok,https://www.tiktok.com/@d1nnerr__/video/7493290468407577878,https://encrypted-tbn0.gstatic.com/images?q=tbn:ANd9GcSB5ZXGN67QT8lNFIat4wEEI2vqWPvsXA0U5w&s,d1nnerr__,https://www.tiktok.com/@d1nnerr__,7493290468407577878
226,TikTok,Exploring LOL Park: A Day with T1 and Faker,https://www.tiktok.com/@lestershi/video/7303067199671946504,https://encrypted-tbn0.gstatic.com/images?q=tbn:ANd9GcRONMIe3DzlNUGsvC9VUc1R0g6NgsZpwSIO8g&s,lestershi,https://www.tiktok.com/@lestershi,7303067199671946504
227,TikTok,"As much as I love Faker and Ahri, $500 on a virtual skin is cray. Is Riot  Games okay? #sgnews #riotgames #leagueoflegends #faker #ahri #gaming  #wekaypoh",https://www.tiktok.com/@wekaypoh/video/7382186185537490194,https://encrypted-tbn0.gstatic.com/images?q=tbn:ANd9GcSQuTgfnYslyBdwChYuq7Pj8nIC0Yr2pbtBpA&s,wekaypoh,https://www.tiktok.com/@wekaypoh,7382186185537490194
228,TikTok,Faker's Zed: A Legend in League of Legends | TikTok,https://www.tiktok.com/@gamersalute.gg/video/7555367183442775309,https://encrypted-tbn0.gstatic.com/images?q=tbn:ANd9GcS_n7HiPdpBycCzFnTmwEHDRl2sBX1TTZgH7g&s,gamersalute.gg,https://www.tiktok.com/@gamersalute.gg,7555367183442775309
229,TikTok,Faker is better than your GOAT #leagueoflegends #lolesports #sktt1 #fa... |  TikTok,https://www.tiktok.com/@foxythegod27/video/7568225885699017997,https://encrypted-tbn0.gstatic.com/images?q=tbn:ANd9GcT9z4Zo3SwmcuZa6MBmNn4wTEKaOUo1Y6Xq3A&s,foxythegod27,https://www.tiktok.com/@foxythegod27,7568225885699017997
230,TikTok,R√©actions au clip de Faker dans League of Legends,https://www.tiktok.com/@pakistador.27/video/7451992102235327766,https://encrypted-tbn0.gstatic.com/images?q=tbn:ANd9GcRI65Wo69TmIn8dxISgC1Qi5Yoh_FoYzlvu1A&s,pakistador.27,https://www.tiktok.com/@pakistador.27,7451992102235327766
231,TikTok,Faker is calling in League of Legends Wild Rift | TikTok,https://www.tiktok.com/@goddemzch/video/7569798855311559957,https://encrypted-tbn0.gstatic.com/images?q=tbn:ANd9GcSF_acFF0bFZTiiAD7R_MgMyvkq8sPgjoU0bg&s,goddemzch,https://www.tiktok.com/@goddemzch,7569798855311559957
232,TikTok,faker #t1 #worlds2025 #lolesports #leagueoflegends | TikTok,https://www.tiktok.com/@ggitsryan_/video/7570739045114940703,https://encrypted-tbn0.gstatic.com/images?q=tbn:ANd9GcTUwwLe5xKbB4-sGj5IuruzlnFFzdISQwxJwA&s,ggitsryan_,https://www.tiktok.com/@ggitsryan_,7570739045114940703
233,TikTok,Expert Analysis of Faker in League of Legends,https://www.tiktok.com/@cowsep/video/7056690798926056706,https://encrypted-tbn0.gstatic.com/images?q=tbn:ANd9GcR-YvQ3H7vtbXlWm5ROcBvZwbHIhYWS2I2K7Q&s,cowsep,https://www.tiktok.com/@cowsep,7056690798926056706
234,TikTok,Happy Birthday Faker: Celebrate with League of Legends Fun! | TikTok,https://www.tiktok.com/@alisontan_/video/7500162003432934663,https://encrypted-tbn0.gstatic.com/images?q=tbn:ANd9GcT3q4GUkFaZK7_orRvt9a1WPnxuWGEuTkv3LQ&s,alisontan_,https://www.tiktok.com/@alisontan_,7500162003432934663
235,TikTok,2017 song but still ICONICüò©üî• #WORLDS #openingceremony #T1 #FAKER  #LEAGUEOFLEGENDS,https://www.tiktok.com/@noefa_tt/video/7571136072940277000,https://encrypted-tbn0.gstatic.com/images?q=tbn:ANd9GcQlj4T-Sm35iY5NgQwpcpItu4FRMfWCji0tug&s,noefa_tt,https://www.tiktok.com/@noefa_tt,7571136072940277000
236,TikTok,Meeting Faker While Playing Akali in League of Legends,https://www.tiktok.com/@6pekreal/video/7568593048125328662,https://encrypted-tbn0.gstatic.com/images?q=tbn:ANd9GcTPbpP1ZETdSx26r8bqCq3bjGD1-PiJgQ1zQQ&s,6pekreal,https://www.tiktok.com/@6pekreal,7568593048125328662
238,TikTok,Lets goo T1!!! #faker #t1 #worlds #esports #leagueoflegends | TikTok,https://www.tiktok.com/@koreanrift/video/7570612157713321247,https://encrypted-tbn0.gstatic.com/images?q=tbn:ANd9GcSU0t9aY6xnmav1CjnaGuHD-WQUl4ChRuqItg&s,koreanrift,https://www.tiktok.com/@koreanrift,7570612157713321247
239,TikTok,Faker is so famous in China #LeagueOfLegends #LoLCommunity #LeagueOfLe... |  TikTok,https://www.tiktok.com/@keybindtime/video/7282482296828038442,https://encrypted-tbn0.gstatic.com/images?q=tbn:ANd9GcQWjqah7WZFUyOe0-YhLUus1e9jrFVVKEbxqw&s,keybindtime,https://www.tiktok.com/@keybindtime,7282482296828038442
241,TikTok,Faker: The GOAT of League of Legends | TikTok,https://www.tiktok.com/@e_w6iw43h107fk_wkm/video/7491446647034055966,https://encrypted-tbn0.gstatic.com/images?q=tbn:ANd9GcQ1Hs2MOWw-ru9O5rc-bXYSKe04-7_uRiWWMQ&s,e_w6iw43h107fk_wkm,https://www.tiktok.com/@e_w6iw43h107fk_wkm,7491446647034055966
242,TikTok,T1 Faker Wild Rift Ad Part 2 | TikTok,https://www.tiktok.com/@zhieima/video/7026218566282169601,https://encrypted-tbn0.gstatic.com/images?q=tbn:ANd9GcSeTYaIsXisqF0rTK4HZCK3ByTNm7VYenm6cA&s,zhieima,https://www.tiktok.com/@zhieima,7026218566282169601
243,TikTok,downfall now #fyp #leagueoflegends #lolesports #t1 #faker | TikTok,https://www.tiktok.com/@jasonphamxox/video/7566407720933362975,https://encrypted-tbn0.gstatic.com/images?q=tbn:ANd9GcRcbvp8Nq4i2RoIAl3fJmbdtnhBCG4vsiJfZg&s,jasonphamxox,https://www.tiktok.com/@jasonphamxox,7566407720933362975
244,TikTok,Never Left: The Unwavering Journey of a Pro Gamer | TikTok,https://www.tiktok.com/@t1mylife/video/7277200114807098630,https://encrypted-tbn0.gstatic.com/images?q=tbn:ANd9GcTw0ZVpmqk9IrUiH5Pi7JyBTr29lZQHzPQUTA&s,t1mylife,https://www.tiktok.com/@t1mylife,7277200114807098630
245,TikTok,Faker Steals Nashor in Epic LCK Season Opener!,https://www.tiktok.com/@dailyleague00/video/7322393915993197856,https://encrypted-tbn0.gstatic.com/images?q=tbn:ANd9GcRE21PuVqk5PBoRdHhg80lLzMdtRClFvPEknA&s,dailyleague00,https://www.tiktok.com/@dailyleague00,7322393915993197856
246,TikTok,Faker's 1000th Game Stats: A League of Legends Milestone | TikTok,https://www.tiktok.com/@ratzsquad/video/7463049129128643873,https://encrypted-tbn0.gstatic.com/images?q=tbn:ANd9GcQJWpoMOiWJgm5qEVGpKXveQ-Dag_dZ4F9f9A&s,ratzsquad,https://www.tiktok.com/@ratzsquad,7463049129128643873
247,TikTok,Heartbreak in Esports: Faker's Emotional Journey to Worlds Final | TikTok,https://www.tiktok.com/@rivalryoce/video/7163972549804641537,https://encrypted-tbn0.gstatic.com/images?q=tbn:ANd9GcRhZbzbiAzmIAIvk-HflDQAWXJr70n8duecnw&s,rivalryoce,https://www.tiktok.com/@rivalryoce,7163972549804641537
249,TikTok,Faker's Incredible Ahri Play: 1v9 Clutch in League of Legends,https://www.tiktok.com/@epicplays_lol/video/7376601146703629600,https://encrypted-tbn0.gstatic.com/images?q=tbn:ANd9GcTp7SXXaGcvB_EGdFKu9YdzV4OWETS2ObRdAA&s,epicplays_lol,https://www.tiktok.com/@epicplays_lol,7376601146703629600
250,TikTok,Razer Viper V3 Pro Faker Edition: Unkillable Performance,https://www.tiktok.com/@teamrazer/video/7569437609995423006,https://encrypted-tbn0.gstatic.com/images?q=tbn:ANd9GcTBrEnrZoaBAraOMB1X72-cMETTAYhdgJa7oA&s,teamrazer,https://www.tiktok.com/@teamrazer,7569437609995423006
253,TikTok,Faker is not a human #leagueoflegends #worlds2025 #esports #faker #t1 |  TikTok,https://www.tiktok.com/@vaccool/video/7567495107843312918,https://encrypted-tbn0.gstatic.com/images?q=tbn:ANd9GcTJXN4fh-F1GtycItaRXFPEPn00Y0Cbbp5KiA&s,vaccool,https://www.tiktok.com/@vaccool,7567495107843312918
254,TikTok,Faker's Surprising Call in League of Legends | TikTok,https://www.tiktok.com/@miszuxx/video/7568208267550248214,https://encrypted-tbn0.gstatic.com/images?q=tbn:ANd9GcSO-GlfPF1bqQMKdcopCAF6popynLoDHNUdgw&s,miszuxx,https://www.tiktok.com/@miszuxx,7568208267550248214
255,TikTok,Queuing Against Faker in League of Legends Gameplay,https://www.tiktok.com/@thescoreesports/video/7499324691027348742,https://encrypted-tbn0.gstatic.com/images?q=tbn:ANd9GcRePdyaWLCdv1-ANjTnbhgiczkrZHZvJhYBvQ&s,thescoreesports,https://www.tiktok.com/@thescoreesports,7499324691027348742
256,www.tiktok.com,www.tiktok.com/api/img/?itemId=7572501551512620343...,https://www.tiktok.com/@hsneik.osnsik.a/video/7572501551512620343,https://encrypted-tbn0.gstatic.com/images?q=tbn:ANd9GcSPTNp-9E3cpLW5E_I4vIAK6zhn4OXbH80drA&s,hsneik.osnsik.a,https://www.tiktok.com/@hsneik.osnsik.a,7572501551512620343
257,TikTok,Faker Multitasking #leagueoflegends #faker #memes | TikTok,https://www.tiktok.com/@user_tman/video/7331420207392607534,https://encrypted-tbn0.gstatic.com/images?q=tbn:ANd9GcTCyY5wyxeLlLrvJR4mCbYInNp2EGBWljHq7w&s,user_tman,https://www.tiktok.com/@user_tman,7331420207392607534
258,TikTok,How rich is Faker? He just won his sixth League of Legends World Champ... |  TikTok,https://www.tiktok.com/@telipu15/video/7572128315415350542,https://encrypted-tbn0.gstatic.com/images?q=tbn:ANd9GcSCeyjX68oGj09vOLTQbdMMWG9TekHKIHxNCQ&s,telipu15,https://www.tiktok.com/@telipu15,7572128315415350542
259,TikTok,x3! #leagueoflegends #t1 #faker #leaguetiktok #lol | TikTok,https://www.tiktok.com/@notsqueak/video/7570925866012642591,https://encrypted-tbn0.gstatic.com/images?q=tbn:ANd9GcRv23RPrzBRYLUevFLer8dnptn8cVUgvGXreg&s,notsqueak,https://www.tiktok.com/@notsqueak,7570925866012642591
261,TikTok,WTF 2 Shens??? #fyp #fyp„Ç∑ #foryou #esports #ogn #lolesports #leagueofl... |  TikTok,https://www.tiktok.com/@akshon_esports/video/7238700457676328197,https://encrypted-tbn0.gstatic.com/images?q=tbn:ANd9GcQACOmIfuBJxsJk7P_jieR6Nd7LAwZQZbZbAQ&s,akshon_esports,https://www.tiktok.com/@akshon_esports,7238700457676328197
262,TikTok,Reacciones a la aparici√≥n de Faker en Ceremony de Stray Kids | TikTok,https://www.tiktok.com/@hkafterdark/video/7543627213518671135,https://encrypted-tbn0.gstatic.com/images?q=tbn:ANd9GcSeRq2NoKdxJhVMDuZsjgpdkbEpQ6Utvifk4w&s,hkafterdark,https://www.tiktok.com/@hkafterdark,7543627213518671135
263,TikTok,2xko Gameplay in League of Legends: A Closer Look | TikTok,https://www.tiktok.com/@leagueoflegends/video/7558881404336049439,https://encrypted-tbn0.gstatic.com/images?q=tbn:ANd9GcSHMmcmKmlwUKlAwJ7OzFlvpD47xD4cYwm-_w&s,leagueoflegends,https://www.tiktok.com/@leagueoflegends,7558881404336049439
264,TikTok,Best Plays of Faker at T1 Worlds 2023,https://www.tiktok.com/@lolesports/video/7317810421950418222,https://encrypted-tbn0.gstatic.com/images?q=tbn:ANd9GcSnKrY4hjDNA09NGAUekQmYBQHhdJW5VZcD-A&s,lolesports,https://www.tiktok.com/@lolesports,7317810421950418222
266,TikTok,Faker's Impressive Focus on Assists at Worlds 2025 | TikTok,https://www.tiktok.com/@ggitsryan_/video/7570892901270523167,https://encrypted-tbn0.gstatic.com/images?q=tbn:ANd9GcSxo5mf7n2SwJh8AaxKcoJM1LsdCHDdCULGSA&s,ggitsryan_,https://www.tiktok.com/@ggitsryan_,7570892901270523167
268,TikTok,Faker's Game-Winning Move Against Ruler | TikTok,https://www.tiktok.com/@helitrymfz6/video/7513324196743646494,https://encrypted-tbn0.gstatic.com/images?q=tbn:ANd9GcRsUtmh4RFDSiO3HzzYyP5Fdp9QebwSAR3waw&s,helitrymfz6,https://www.tiktok.com/@helitrymfz6,7513324196743646494
269,TikTok,Faker Just Made Esports History ‚Äî Again#us #fyp #faker #Lee Sang-hyeok |  TikTok,https://www.tiktok.com/@khaponcds/video/7571431421026340110,https://encrypted-tbn0.gstatic.com/images?q=tbn:ANd9GcRH9-jymxHHc0boOdZQa_Sy9mMFcRphRtfSTg&s,khaponcds,https://www.tiktok.com/@khaponcds,7571431421026340110
270,TikTok,Diamond Team Composition Strategy in League of Legends | TikTok,https://www.tiktok.com/@thunnyx/video/7386610655220010273,https://encrypted-tbn0.gstatic.com/images?q=tbn:ANd9GcQMKV-_RiOISeFvt-RvqhUrZFHZVCd6NAM8WQ&s,thunnyx,https://www.tiktok.com/@thunnyx,7386610655220010273
272,TikTok,That is our Faker! üî• #faker #t1 #league #leagueoflegends #lol | TikTok,https://www.tiktok.com/@shyypooper/video/7572028028625210646,https://encrypted-tbn0.gstatic.com/images?q=tbn:ANd9GcTR23_gxUEi0FyfRBVIy9_Bh5Li92mJlRVpNg&s,shyypooper,https://www.tiktok.com/@shyypooper,7572028028625210646
273,TikTok,League of Legends Gameplay with Faker Highlights | TikTok,https://www.tiktok.com/@bearypotter58/video/7570874548053118230,https://encrypted-tbn0.gstatic.com/images?q=tbn:ANd9GcShd3teTm73ZAJmf-lEVmwOu5IGGDhFmPxg1Q&s,bearypotter58,https://www.tiktok.com/@bearypotter58,7570874548053118230
274,TikTok,Faker: 6 L·∫ßn V√¥ ƒê·ªãch Th·∫ø Gi·ªõi trong Li√™n Minh Huy·ªÅn Tho·∫°i | TikTok,https://www.tiktok.com/@sanghyeokt1/video/7571594705947970823,https://encrypted-tbn0.gstatic.com/images?q=tbn:ANd9GcRf4c_RUOOM58X1bmbPXB84wbOvBVVrNSfFaw&s,sanghyeokt1,https://www.tiktok.com/@sanghyeokt1,7571594705947970823
275,TikTok,Understanding Fakers Gameplay in League of Legends | TikTok,https://www.tiktok.com/@_czokled_55/video/7569975980140334366,https://encrypted-tbn0.gstatic.com/images?q=tbn:ANd9GcRTL4UyWFEzq0h9nyQBKZ6HECecGxNQrpUJgQ&s,_czokled_55,https://www.tiktok.com/@_czokled_55,7569975980140334366
276,TikTok,Faker vs G2: Epic Showdown in League of Legends,https://www.tiktok.com/@shyknocklol/video/6986796553558052102,https://encrypted-tbn0.gstatic.com/images?q=tbn:ANd9GcSkK_9EBuWVjMDBi0Pn9LzkPdDER3OXyOJEVQ&s,shyknocklol,https://www.tiktok.com/@shyknocklol,6986796553558052102
278,TikTok,Is This Pyke Faker? Discover the Truth Behind the Legend,https://www.tiktok.com/@antunyalol/video/7571489778328227094,https://encrypted-tbn0.gstatic.com/images?q=tbn:ANd9GcSpkUUib_DCPrpQmtAJeVUKR_suhZCwCOExuQ&s,antunyalol,https://www.tiktok.com/@antunyalol,7571489778328227094
279,TikTok,Faker's Epic 2nd Penta in League of Legends,https://www.tiktok.com/@shyknocklol/video/7502065684424183071,https://encrypted-tbn0.gstatic.com/images?q=tbn:ANd9GcT3w3D8EShfz_AH9dfc9PPIBzTWsN6kUwYQuQ&s,shyknocklol,https://www.tiktok.com/@shyknocklol,7502065684424183071
284,TikTok,FAKER IS THE GOAT üêê #t1faker ... | faker | TikTok,https://www.tiktok.com/@alextsro/video/7570715261888662798,https://encrypted-tbn0.gstatic.com/images?q=tbn:ANd9GcSBcKh60BG4k2QCkeifYmoXl6EDr8LFiaW7RA&s,alextsro,https://www.tiktok.com/@alextsro,7570715261888662798
285,TikTok,T1 Faker Bard Portal üëÄ #leagueoflegends | TikTok,https://www.tiktok.com/@lol.universe/video/7449095509609925910,https://encrypted-tbn0.gstatic.com/images?q=tbn:ANd9GcTYcoy_STTTgTyay08yEaUy-tCajh1-h4YTjg&s,lol.universe,https://www.tiktok.com/@lol.universe,7449095509609925910
288,TikTok,Prime Faker's Iconic Zed Outplay in League of Legends | TikTok,https://www.tiktok.com/@abhiadc/video/7570114743290088734,https://encrypted-tbn0.gstatic.com/images?q=tbn:ANd9GcTb_pFK7RAkpICQp3romFppVme3VkSH0SdGng&s,abhiadc,https://www.tiktok.com/@abhiadc,7570114743290088734
289,TikTok,Deft Analyzes Faker's Performance at Worlds 2024 | TikTok,https://www.tiktok.com/@oneesports/video/7444896429430099256,https://encrypted-tbn0.gstatic.com/images?q=tbn:ANd9GcSJcKva7lzgMBWMlaH4xRPdOS0R7wHhzEsmkQ&s,oneesports,https://www.tiktok.com/@oneesports,7444896429430099256
290,TikTok,Taking Over Faker: League of Legends Montage | TikTok,https://www.tiktok.com/@chenchenleague/video/7459987366355209502,https://encrypted-tbn0.gstatic.com/images?q=tbn:ANd9GcR-3xagoPlJZsqEGpcdJKxIvK_YwdFhnXUUIw&s,chenchenleague,https://www.tiktok.com/@chenchenleague,7459987366355209502
291,TikTok,Faker's Wild Rift Gameplay Insights and BTS!,https://www.tiktok.com/@wildrift/video/7498208789137542442,https://encrypted-tbn0.gstatic.com/images?q=tbn:ANd9GcSGbfT-HG5bQZeQGtTnSSaiNC1KoJvFxR72pg&s,wildrift,https://www.tiktok.com/@wildrift,7498208789137542442
292,TikTok,Can GenZ esports pros name this 90s tech? #leagueoflegends #leaguetikt... |  TikTok,https://www.tiktok.com/@travisgafford/video/7367071581341895978,https://encrypted-tbn0.gstatic.com/images?q=tbn:ANd9GcS39lLZf60xdct2MBw3bXlrVmkSeGFlNVO78A&s,travisgafford,https://www.tiktok.com/@travisgafford,7367071581341895978
294,TikTok,Faker Enjoys Himself at Worlds Event | TikTok,https://www.tiktok.com/@elevacja/video/7570863685162274070,https://encrypted-tbn0.gstatic.com/images?q=tbn:ANd9GcQwlXjbPg-_LlZXhzr212Z40B1C77drTxQ67A&s,elevacja,https://www.tiktok.com/@elevacja,7570863685162274070
295,TikTok,Faker Azir Highlight: Kh√¥ng ƒê·ªông T√°c Th·ª´a | TikTok,https://www.tiktok.com/@league.of.legends935/video/7520513868410424584,https://encrypted-tbn0.gstatic.com/images?q=tbn:ANd9GcRmckgyhCvMkcpAIiS6WAh0pLHFSlmzS0GjmA&s,league.of.legends935,https://www.tiktok.com/@league.of.legends935,7520513868410424584
299,TikTok,Quel Crack League of Legends - Pourtoi | TikTok,https://www.tiktok.com/@lolclipsfr/video/7077694883934375173,https://encrypted-tbn0.gstatic.com/images?q=tbn:ANd9GcS8tQoeGxleUiZ-GsjuTrIM_OMLO6A7OI2Jmw&s,lolclipsfr,https://www.tiktok.com/@lolclipsfr,7077694883934375173
300,TikTok,Rek'Sai Returns in League of Legends Gameplay | TikTok,https://www.tiktok.com/@gxleagueoflegends/video/7549217786900385057,https://encrypted-tbn0.gstatic.com/images?q=tbn:ANd9GcTRaC2dlDJaguUmffj9tZB7D2jve4W5kqUBlA&s,gxleagueoflegends,https://www.tiktok.com/@gxleagueoflegends,7549217786900385057
301,TikTok,NEW FAKER SKINS LEAKED - League of Legends (Hall of Legends) #fyp  #leagueoflegends #faker #ahri #leblanc,https://www.tiktok.com/@reminameow/video/7371863780558458145,https://encrypted-tbn0.gstatic.com/images?q=tbn:ANd9GcTMDrZY3EyNvsqcehQJJY4d1gkBKFvgrinShg&s,reminameow,https://www.tiktok.com/@reminameow,7371863780558458145
302,TikTok,The Jacket Makes Me Overpowered in League of Legends | TikTok,https://www.tiktok.com/@gamerdadtv/video/7549207501867093266,https://encrypted-tbn0.gstatic.com/images?q=tbn:ANd9GcQRCFXoBZfbrcV13CVjizaKuKJJRJQWSZY1Vg&s,gamerdadtv,https://www.tiktok.com/@gamerdadtv,7549207501867093266
305,TikTok,Faker's Iconic League of Legends Cosplay and TikTok Moments | TikTok,https://www.tiktok.com/@mysterymxst/video/7383759416144743713,https://encrypted-tbn0.gstatic.com/images?q=tbn:ANd9GcQ-XcMbn9fXJhAbCc4JLviSFLpxBRS3rRgmDQ&s,mysterymxst,https://www.tiktok.com/@mysterymxst,7383759416144743713
311,TikTok,Felix's Reaction to Faker in Ceremony Music Video | TikTok,https://www.tiktok.com/@ambrestay7/video/7541387818631777558,https://encrypted-tbn0.gstatic.com/images?q=tbn:ANd9GcTaGgPe5eF0IYQ_4dt4fky9ZBAOzeoYGu4Xkw&s,ambrestay7,https://www.tiktok.com/@ambrestay7,7541387818631777558
312,TikTok,Faker: The Unkillable Demon King | Reclaiming His Throne | TikTok,https://www.tiktok.com/@everythingesport/video/7388225561769921824,https://encrypted-tbn0.gstatic.com/images?q=tbn:ANd9GcRtU2fSPehzHaGMQR3SyuGOvLPp93tArOhRgQ&s,everythingesport,https://www.tiktok.com/@everythingesport,7388225561769921824
314,TikTok,T1 vs BLG Game 4 Highlights: Faker's Risky Move | TikTok,https://www.tiktok.com/@ratzsquad/video/7432739985943530784,https://encrypted-tbn0.gstatic.com/images?q=tbn:ANd9GcTk7zWvkt2cRYDMu-wgM2iJOs61AwYAC94rEA&s,ratzsquad,https://www.tiktok.com/@ratzsquad,7432739985943530784
317,TikTok,Meeting Faker in Korean SoloQ: A Troll Game Gone Wrong,https://www.tiktok.com/@mr.olympuslol/video/7112491372535434502,https://encrypted-tbn0.gstatic.com/images?q=tbn:ANd9GcS7f99Dg5j75wLPS5fD8s1PLAvG5OWsPaGryQ&s,mr.olympuslol,https://www.tiktok.com/@mr.olympuslol,7112491372535434502
321,TikTok,anotha one!! #T1 #al #lpl #lck #leagueoflegends #faker #msi2025 #game5  #silverscrapes,https://www.tiktok.com/@eefjeuh/video/7526033433991138582,https://encrypted-tbn0.gstatic.com/images?q=tbn:ANd9GcQAotWgWB5xuET8vRytOrUdDgTz_FSLSSVL_Q&s,eefjeuh,https://www.tiktok.com/@eefjeuh,7526033433991138582
322,TikTok,Faker Montage: Celebrating League of Legends Skills,https://www.tiktok.com/@bellachase6/video/7561479260079263007,https://encrypted-tbn0.gstatic.com/images?q=tbn:ANd9GcROz_vkEYBtoszyWTT4v0GCnwubHzBRoWIeeg&s,bellachase6,https://www.tiktok.com/@bellachase6,7561479260079263007
324,TikTok,Faker's Epic Razer Viper V3 Pro Gaming Mouse Review | TikTok,https://www.tiktok.com/@chenchenleague/video/7546447996662123807,https://encrypted-tbn0.gstatic.com/images?q=tbn:ANd9GcT6RIrM4nL3Lgk8Hym-rDBqwC5XviRkp9CmWw&s,chenchenleague,https://www.tiktok.com/@chenchenleague,7546447996662123807
333,TikTok,Em b√© ü•∞ #faker #t1 #xh | TikTok,https://www.tiktok.com/@lime_52hz/video/7519296029531868424,https://encrypted-tbn0.gstatic.com/images?q=tbn:ANd9GcTC2o34cknn21y9ZEmyAMQPQVj3YCWfSNk-lg&s,lime_52hz,https://www.tiktok.com/@lime_52hz,7519296029531868424
334,TikTok,League of Legends Epic Fail Compilation | TikTok,https://www.tiktok.com/@caedrel/video/7292061340947074337,https://encrypted-tbn0.gstatic.com/images?q=tbn:ANd9GcS6ubkrxL5hoLuok986LmwN9VGyz58d-bbOaw&s,caedrel,https://www.tiktok.com/@caedrel,7292061340947074337
338,TikTok,Dictionaries Fear Me in League of Legends | TikTok,https://www.tiktok.com/@komarilol/video/7517551889731390750,https://encrypted-tbn0.gstatic.com/images?q=tbn:ANd9GcRoQf8JpSgXk8VAt2qdYk6Ytjlk6qLYDRKrJg&s,komarilol,https://www.tiktok.com/@komarilol,7517551889731390750
340,TikTok,Host: I thought it's because they're all bad.Faker: That too. #faker #... |  TikTok,https://www.tiktok.com/@crazy_jhinnx/video/7056627640895130907,https://encrypted-tbn0.gstatic.com/images?q=tbn:ANd9GcRWrKtTXtMEDxBt9lIs4Oaf0k5E_6sIXjBm_g&s,crazy_jhinnx,https://www.tiktok.com/@crazy_jhinnx,7056627640895130907
345,TikTok,Discover the HARDEST Champion for Every League Role | TikTok,https://www.tiktok.com/@jacksonroyc/video/7568520424544292126,https://encrypted-tbn0.gstatic.com/images?q=tbn:ANd9GcQTQV9DG9LcAWDNIZSkaVgNPG3b9jxIm142ug&s,jacksonroyc,https://www.tiktok.com/@jacksonroyc,7568520424544292126
348,TikTok,Faker vs Huni: Epic League of Legends Showdown | TikTok,https://www.tiktok.com/@anchovvi/video/7434128559083425025,https://encrypted-tbn0.gstatic.com/images?q=tbn:ANd9GcTZ1OXHOR6Dspr3nW1cTvx9G62-t7Wtf_NbWA&s,anchovvi,https://www.tiktok.com/@anchovvi,7434128559083425025
350,TikTok,Faker vs Gangplank: Epic League of Legends Highlight | TikTok,https://www.tiktok.com/@_czokled_55/video/7568866726591352095,https://encrypted-tbn0.gstatic.com/images?q=tbn:ANd9GcRN0Q2Y6ZcI1hQTFxCMU9M7REQpq--09bRtPA&s,_czokled_55,https://www.tiktok.com/@_czokled_55,7568866726591352095
352,TikTok,BLACK SUN #kamenrider #fyp #livewallpaper | TikTok,https://www.tiktok.com/@kazenofuku/video/7329029422495862017,https://encrypted-tbn0.gstatic.com/images?q=tbn:ANd9GcRT27f97L71TBts_HWP2G0Y-WXWy0mg2tO-Dw&s,kazenofuku,https://www.tiktok.com/@kazenofuku,7329029422495862017
353,TikTok,Faker's Game Choices in League of Legends Wild Rift | TikTok,https://www.tiktok.com/@wildrift/video/7494853619137744170,https://encrypted-tbn0.gstatic.com/images?q=tbn:ANd9GcSLKBk1HvPn7LbQARmgvADNPZbootSyruAg4Q&s,wildrift,https://www.tiktok.com/@wildrift,7494853619137744170
355,TikTok,T1 y Faker: Los Mejores Momentos en League of Legends | TikTok,https://www.tiktok.com/@macksk/video/7472489521129491717,https://encrypted-tbn0.gstatic.com/images?q=tbn:ANd9GcQv0vq_92Yyh8u00vYoJRMl-bLFWG1-eQ_MmQ&s,macksk,https://www.tiktok.com/@macksk,7472489521129491717
356,TikTok,Faker y su locura con Ahri en el MSI | TikTok,https://www.tiktok.com/@targonesports/video/7367519948538875142,https://encrypted-tbn0.gstatic.com/images?q=tbn:ANd9GcRtli6eSV_totUFNwvnWanNSzLtJJsgE1jYWw&s,targonesports,https://www.tiktok.com/@targonesports,7367519948538875142
358,www.tiktok.com,p16-common-sign.tiktokcdn-us.com/tos-alisg-p-0037/...,https://www.tiktok.com/@much/video/7541285820867595527,https://encrypted-tbn0.gstatic.com/images?q=tbn:ANd9GcQUNDhUTg6QQPX4JRzMvUvw92AJo2KdhvrbOQ&s,much,https://www.tiktok.com/@much,7541285820867595527
359,TikTok,Faker's Brilliant Samira Gameplay in League of Legends | TikTok,https://www.tiktok.com/@xlegend705/video/7560905150299344139,https://encrypted-tbn0.gstatic.com/images?q=tbn:ANd9GcRzLkl2JMX9JfXnhQ1Wh3SjCm4yx32ZAANorg&s,xlegend705,https://www.tiktok.com/@xlegend705,7560905150299344139
361,TikTok,üò≥ ‚Ä¶ #t1 #t1win #t1fighting #zeus #oner #faker #gumayusi #keria #fyp #... |  TikTok,https://www.tiktok.com/@khanvyy/video/7409653752304553234?lang=en,https://encrypted-tbn0.gstatic.com/images?q=tbn:ANd9GcRq-riv1lCdW7PmOFE_Tyv09nZdNmkSPQxyEw&s,khanvyy,https://www.tiktok.com/@khanvyy,7409653752304553234
363,TikTok,Faker Á•ûÈÄüÂàáÁï´Èù¢ÁöÑÁúüÁõ∏ÂØ¶ÈåÑ(ÊÉ°Êêû) #Faker #lol #Ëã±ÈõÑËÅØÁõü#foryou #leagueoflegendsvideo | TikTok,https://www.tiktok.com/@gamingesports1213/video/7161035379120917762,https://encrypted-tbn0.gstatic.com/images?q=tbn:ANd9GcT47MX9wNZQ9ye413bEJdRPm06v0GMkqMtILQ&s,gamingesports1213,https://www.tiktok.com/@gamingesports1213,7161035379120917762
365,TikTok,Faker en la Final de los Juegos Asi√°ticos: ¬°Momento de Revancha! | TikTok,https://www.tiktok.com/@krejimol/video/7283602813869886726,https://encrypted-tbn0.gstatic.com/images?q=tbn:ANd9GcRh3kqcFgWd2bdFJLqG2Yj2aF6LveZrVvfYUQ&s,krejimol,https://www.tiktok.com/@krejimol,7283602813869886726
368,TikTok,Faker's 6th Worlds Makes Him The GOAT Athlete üêê #fyp #leagueoflegends... |  faker | TikTok,https://www.tiktok.com/@yousifnaldolol/video/7570903184185576705,https://encrypted-tbn0.gstatic.com/images?q=tbn:ANd9GcRxyHiz7rHVI6WEMs8MbKgTo8nKOaQPEx7vzw&s,yousifnaldolol,https://www.tiktok.com/@yousifnaldolol,7570903184185576705
372,TikTok,Mastering Akali in League of Legends | TikTok,https://www.tiktok.com/@febiven/video/7504415093791264022,https://encrypted-tbn0.gstatic.com/images?q=tbn:ANd9GcSMU-N1g7SnerZx4nf7PmxqX96qWhPOzDhFXQ&s,febiven,https://www.tiktok.com/@febiven,7504415093791264022
