record_id,source,link,thumbnail,title
1,Instagram,https://www.instagram.com/reel/DQu0bfsCLeH/,https://serpapi.com/searches/691886e95b92f833728e6ee3/images/d7ef4ef9eea8ab581e0aac6c85f7544d00740cfc47282e6e0ff05028ac3c7005.jpeg,Meet Faker üòé
2,Esports Insider,https://esportsinsider.com/2025/07/league-of-legends-icon-faker-re-signs-with-t1-until-2029,https://serpapi.com/searches/691886e95b92f833728e6ee3/images/d7ef4ef9eea8ab588f473b7c2b7483901dab62c6c631b5987d01edf19db7e5c9.jpeg,League of Legends icon Faker re-signs with T1 until 2029
3,TikTok,https://www.tiktok.com/@hotspawnesports/video/7568922305447906582,https://serpapi.com/searches/691886e95b92f833728e6ee3/images/d7ef4ef9eea8ab589780b9ca9688d64824d3ee03d410a0a593aae6ff0e3feba2.jpeg,Finding Satisfaction in the Journey of Self-Improvement
4,Instagram,https://www.instagram.com/p/CH45_vhHbYR/,https://serpapi.com/searches/691886e95b92f833728e6ee3/images/d7ef4ef9eea8ab5831209c179407eb0969567b7d8b18a1e2159f22b68a8f1ef9.jpeg,"Faker in his different hobbies Part I üñºÔ∏èüñºÔ∏èüñºÔ∏è üì∏ - [ Back in 24th of Oct  2017, Faker was interviewd by OSEN's Go Yong-jun. Faker said: ‚ÄúI want to be  a pro"
5,Esports Insider,https://esportsinsider.com/2025/07/msi-2025-t1-lee-faker-sang-hyeok-interview,https://serpapi.com/searches/691886e95b92f833728e6ee3/images/d7ef4ef9eea8ab586ba37e9ef301dd7007fca89678f594315f9aacdcebfcc4d0.jpeg,"T1 Faker discusses his ambition to ""inspire"" ahead of MSI 2025"
6,Tidal League,https://www.tidalleague.com/blog-posts/league-of-legends-is-this-the-year-of-faker-1-minute-read,https://serpapi.com/searches/691886e95b92f833728e6ee3/images/d7ef4ef9eea8ab58b6b582fce4f69e4720e71e09ca450a29961dee239a6c72ff.jpeg,League of Legends: Is This Faker's Year? | Tidal League
7,YouTube,https://www.youtube.com/watch?v=eCTX5pf6WNg,https://serpapi.com/searches/691886e95b92f833728e6ee3/images/d7ef4ef9eea8ab580f5b031cd5aed02399da75603e04e317277c7fec06f5ef72.jpeg,Faker is Forever | Best Plays From Five Title Runs
8,Instagram,https://www.instagram.com/p/DQodGxQk4gm/,https://serpapi.com/searches/691886e95b92f833728e6ee3/images/d7ef4ef9eea8ab5858618fe6432c0804094e186b1ba6cecd506f5fb38439d356.jpeg,8TH WORLDS FINAL FOR FAKER. üêê 2013 üèÜ 2015 üèÜ 2016 üèÜ 2017 ‚ùå 2022 ‚ùå 2023  üèÜ 2024 üèÜ 2025 ‚ùì _ #leagueoflegends #lolesports #worlds2025 #gaming #worlds
9,YouTube,https://www.youtube.com/watch?v=swCPa91ZQLw,https://serpapi.com/searches/691886e95b92f833728e6ee3/images/d7ef4ef9eea8ab585d0f397f74a268c2e2cbba3a5a95240d4f1e622645c9a22b.jpeg,Faker Is Unstoppable
10,LoL Esports on X,https://x.com/lolesports/status/1982037617425465687,https://serpapi.com/searches/691886e95b92f833728e6ee3/images/d7ef4ef9eea8ab582e2fa98708cff21693b44718458467a105d808f1a8829691.jpeg,LoL Esports on X
11,Inven Global,https://www.invenglobal.com/articles/10441/t1-faker-on-becoming-partial-owner-it-means-that-ill-be-with-t1-for-a-long-time,https://serpapi.com/searches/691886e95b92f833728e6ee3/images/d7ef4ef9eea8ab588f473b7c2b74839008c3360c8ee2614f518691681da61c17.jpeg,"T1 Faker on becoming partial owner: ""It means that I'll be with T1 for a  long time."" - Inven Global"
12,YouTube,https://www.youtube.com/watch?v=J9YMBgmEt6Y,https://serpapi.com/searches/691886e95b92f833728e6ee3/images/d7ef4ef9eea8ab588f473b7c2b748390bc3c7c1a9d4003ecf0eacdde4bf12f05.jpeg,Faker Montage | Legends in Action
13,Facebook,https://www.facebook.com/VNEsportsExpress/posts/faker-g%E1%BB%ADi-l%E1%BB%9Di-nh%E1%BA%AFn-%C4%91%E1%BA%BFn-kh%C3%A1n-gi%E1%BA%A3-vi%E1%BB%87t-nam-%E1%BB%9F-bu%E1%BB%95i-pv-tr%E1%BB%B1c-ti%E1%BA%BFp-c%E1%BB%A7a-lol-esports-vn-/705771379194430/,https://serpapi.com/searches/691886e95b92f833728e6ee3/images/d7ef4ef9eea8ab588f473b7c2b74839030048f2187a77c2b419f8c176bc77a96.jpeg,"Faker g·ª≠i l·ªùi nh·∫Øn ƒë·∫øn kh√°n gi·∫£ Vi·ªát Nam ·ªü bu·ªïi PV tr·ª±c ti·∫øp c·ªßa LoL  Esports VN: ""Xin c·∫£m ∆°n t·∫•t c·∫£ ng∆∞·ªùi h√¢m m·ªô Vi·ªát Nam ƒë√£ c·ªï v≈©. Ch√∫ng"
14,Red Bull,https://www.redbull.com/int-en/faker-t1-league-of-legends-profile,https://serpapi.com/searches/691886e95b92f833728e6ee3/images/d7ef4ef9eea8ab588f473b7c2b74839051faf037aa4a7533422cad7aed460599.jpeg,Faker: Get to know the League of Legends supremo
15,Facebook,https://www.facebook.com/lolesports/posts/4-4-in-finals3-2-in-titlescan-t1-faker-catch-up-to-skt-fakers-worlds-legacy/1392346698917103/,https://serpapi.com/searches/691886e95b92f833728e6ee3/images/d7ef4ef9eea8ab588f473b7c2b748390690b70fef69286d9b8ace13067ea1642.jpeg,4-4 in Finals. 3-2 in titles. Can T1 Faker catch up to SKT Faker's Worlds  legacy?
16,ONE Esports,https://www.oneesports.gg/league-of-legends/t1-faker-lpl-team-worlds-2023/,https://serpapi.com/searches/691886e95b92f833728e6ee3/images/d7ef4ef9eea8ab588f473b7c2b748390e15ba0d01bacc0e3798695c280c2e64b.jpeg,T1 Faker wants revenge on this LPL team at Worlds 2023 | ONE Esports
17,TikTok,https://www.tiktok.com/@_fakenut.huh_/video/7569964848025537812,https://serpapi.com/searches/691886e95b92f833728e6ee3/images/d7ef4ef9eea8ab588f473b7c2b748390f56fd209cf12955aeceeccb545469b01.jpeg,L·ª° y√™u tr√∫ng boy s·ª± nghi·ªáp trong LOL
18,Instagram,https://www.instagram.com/reel/DQjGdj5juYi/,https://serpapi.com/searches/691886e95b92f833728e6ee3/images/d7ef4ef9eea8ab588f473b7c2b748390f809d68383e8b6b5a9070353727a24d2.jpeg,This guy might be the next SKT Faker
19,YouTube,https://www.youtube.com/watch?v=5fwRKAyuV08,https://serpapi.com/searches/691886e95b92f833728e6ee3/images/d7ef4ef9eea8ab588f473b7c2b7483908df2ab1b09d8026470f722a872e1adf4.jpeg,"FAKER 0/7, SMASH MALISIMO Y T1 HUMILLADO | T1 vs HLE LCK 2025 SPRING"
20,Inven Global,https://www.invenglobal.com/articles/18650/t1-faker-i-hate-to-lose-and-its-really-fun-to-compete-with-the-best-players-around-the-world,https://serpapi.com/searches/691886e95b92f833728e6ee3/images/d7ef4ef9eea8ab588f473b7c2b74839090afe00a4e4141168bb9b446259c30c6.jpeg,"T1 Faker: ""I hate to lose, and it's really fun to compete with the best  players around the world."" - Inven Global"
21,Shane the Gamer,https://www.shanethegamer.com/esports-news/faker-nemesis-and-the-pros-are-over-the-current-lol-meta-heres-what-they-want-changed/,https://serpapi.com/searches/691886e95b92f833728e6ee3/images/d7ef4ef9eea8ab589780b9ca9688d6487ce43eb0c619a22c95b6b88d5c7d95a6.jpeg,"Faker, Nemesis, and the Pros Are Over the Current LoL Meta ‚Äì Here's What  They Want Changed - STG Play"
22,Instagram,https://www.instagram.com/p/DLqb6aESC3O/,https://serpapi.com/searches/691886e95b92f833728e6ee3/images/d7ef4ef9eea8ab589780b9ca9688d6484a25f72a72043c852d59bb6994577751.jpeg,1996 versus 2007: Faker & HongQ! _ #leagueoflegends #lolesports #gaming  #msi2025
23,TikTok,https://www.tiktok.com/@noefa_tt/photo/7569706066456448274,https://serpapi.com/searches/691886e95b92f833728e6ee3/images/d7ef4ef9eea8ab589780b9ca9688d648327057acc6ec4c729134813bcf323cd1.jpeg,The Greatest of All Time üî•üôå #WORLDS #T1 #FAKER #LEAGUEOFLEGENDS #ESP... |  faker | TikTok
24,YouTube,https://www.youtube.com/watch?v=g3NcF5Uv-w4,https://serpapi.com/searches/691886e95b92f833728e6ee3/images/d7ef4ef9eea8ab589780b9ca9688d6483a443ede44442abd454285093194af8f.jpeg,WBG vs T1 | FULL DAY HIGHLIGHTS | The Finals | Worlds 2023
25,Facebook,https://www.facebook.com/EsportsWorldCup/videos/the-toughest-mid-laner-faker-ever-faced/675428818958183/,https://serpapi.com/searches/691886e95b92f833728e6ee3/images/d7ef4ef9eea8ab589780b9ca9688d6485f43671aee36064e1bb6747b291bab44.jpeg,"You asked. Faker delivered üôå, From mindset to mechanics, here‚Äôs what the  Unkillable Demon King shared with you üëë, Full video here:  https://www.youtube.com/watch?v=toiVoGvgTRY | Esports World Cup | ..."
26,Instagram,https://www.instagram.com/p/DP8f-DDDoRl/,https://serpapi.com/searches/691886e95b92f833728e6ee3/images/d7ef4ef9eea8ab589780b9ca9688d64840b5300a3b143596af5bb9ebadf0dab1.jpeg,Chovy vs Faker: Unpacking the Historic Head-to-Head Showdown
27,Facebook,https://www.facebook.com/photo.php?fbid=887215866096858&id=100044253588353&set=a.814854446666334,https://serpapi.com/searches/691886e95b92f833728e6ee3/images/d7ef4ef9eea8ab589780b9ca9688d64856713707e360bb45231fe426a9284fd4.jpeg,LOL - Faker in Bo5s vs #LPL at Worlds: 2013: 3-0 vs RYL 2016: 3-1 vs RNG  2017: 3-2 vs RNG 2022: 3-0 vs RNG 2022: 3-1 vs JDG 2023: 3-0 vs LNG  UNDEFEATED. | Facebook
28,Facebook,https://www.facebook.com/lolesports/videos/faker/661280252193079/,https://serpapi.com/searches/691886e95b92f833728e6ee3/images/d7ef4ef9eea8ab589780b9ca9688d6483ed497ea5f4aa9cdfa50de0b58f5e2a7.jpeg,Faker. | LOL Esports | Facebook
29,YouTube,https://www.youtube.com/watch?v=rd8FPy_q8DU,https://serpapi.com/searches/691886e95b92f833728e6ee3/images/d7ef4ef9eea8ab589780b9ca9688d64812bf7077ff0c7687ba48d2cd4eaca451.jpeg,Faker Is Fighting
30,Dot Esports,https://dotesports.com/league-of-legends/news/faker-just-added-another-award-to-his-cabinet,https://serpapi.com/searches/691886e95b92f833728e6ee3/images/d7ef4ef9eea8ab589780b9ca9688d648ad90b9ab0e4d01d3cb651383e2d98561.jpeg,Faker just added another award to his cabinet‚Äîwe're not surprised
31,TikTok,https://www.tiktok.com/@fakenut_god/video/7558299609479531784,https://serpapi.com/searches/691886e95b92f833728e6ee3/images/d7ef4ef9eea8ab5831209c179407eb093eb68038868d4a88b906f01bd9bb7518.jpeg,Faker Ch·∫ª M√°i: M·ªôt Kho·∫£nh Kh·∫Øc ƒê·∫ßy C·∫£m X√∫c | TikTok
32,Facebook,https://www.facebook.com/EsportsWorldCup/videos/you-asked-faker-delivered-from-mindset-to-mechanics-heres-what-the-unkillable-de/4188798564780928/,https://serpapi.com/searches/691886e95b92f833728e6ee3/images/d7ef4ef9eea8ab5831209c179407eb09e7c8b2943fc1f10c5ae700bf7f85047f.jpeg,"You asked. @faker delivered üôå, From mindset to mechanics, here‚Äôs what the  Unkillable Demon King shared with you üëë, Check our story for the full  video link! | Esports World Cup | Facebook"
33,YouTube,https://www.youtube.com/watch?v=dhkzC_d59Ek,https://serpapi.com/searches/691886e95b92f833728e6ee3/images/d7ef4ef9eea8ab5831209c179407eb097404b3a2db89b3d62fe39f562bc42908.jpeg,Faker Made Worlds Finals
34,YouTube,https://www.youtube.com/watch?v=q1wAyfJFobo,https://serpapi.com/searches/691886e95b92f833728e6ee3/images/d7ef4ef9eea8ab5831209c179407eb09a429ab88c1aedad84f1187177b00ac23.jpeg,He's Not Done Yet | TTK
35,TikTok,https://www.tiktok.com/@noefa_tt/video/7523796938299428101,https://serpapi.com/searches/691886e95b92f833728e6ee3/images/d7ef4ef9eea8ab5831209c179407eb0950dbc3703e0bfaf96f49e78f03512809.jpeg,Faker's Epic Moments in League of Legends Gameplay
36,TikTok,https://www.tiktok.com/@thresh3690/video/7421696357624270112,https://encrypted-tbn0.gstatic.com/images?q=tbn:ANd9GcSb9Yp4YDuF0lFRNwQmFxh9tgWkWqh3S7NuHw&s,Understanding Faker's Impact in the World of League of Legends
37,YouTube,https://www.youtube.com/watch?v=IZnZkk5ETrg,https://encrypted-tbn0.gstatic.com/images?q=tbn:ANd9GcR4BGi2AuyU8gR_E1bV-3v94PO1Y74H6RtOCQ&s,Can You Be Clutch Like Faker? The Science Explained - YouTube
38,Instagram,https://www.instagram.com/p/DL_vi5EOold/,https://encrypted-tbn0.gstatic.com/images?q=tbn:ANd9GcRQZ6QPM0uyWOguAH7FtVlzx95HNEEn1B_ZSA&s,üêÄ & üêê _ #MSI2025 #lolesports #leagueoflegends #gaming
39,Instagram,https://www.instagram.com/p/DQd5212AU97/,https://encrypted-tbn0.gstatic.com/images?q=tbn:ANd9GcRj_pNyF_MgrNfM3mdepGE9IMp7oYNTSbR8hw&s,Faker Sets New Record at Worlds 2025 - The King of LoL
40,TikTok,https://www.tiktok.com/@camirruu/video/7250531568471559429,https://encrypted-tbn0.gstatic.com/images?q=tbn:ANd9GcQdi6vllqOy6BWGL-y_QhEOrsJcjxUIwKrwsw&s,| T1 vs DK game highlights‚ú® | #T1WIN #T1FIGHTING #leaguetok #lolhighlights  #leagueoflegends #LCK #Zeus #Oner #Faker #Gumayusi #Keria #gamingfyp  #damwongaming #Showmaker
41,YouTube,https://www.youtube.com/watch?v=DK8GvGOZcrM,https://encrypted-tbn0.gstatic.com/images?q=tbn:ANd9GcRYUBqvAVzhz6pw4Gmy9joEae_jgWMsZL_Vzg&s,FAKER VS JOJOPYUN - T1 VS KOI FOR THE LAST SPOT IN QUARTERS - WORLDS 2025
42,TikTok,https://www.tiktok.com/@ilhadaslendas/video/7523992775302417670,https://encrypted-tbn0.gstatic.com/images?q=tbn:ANd9GcRcTOXmNkdfq_EF5-V601Pal2-O6AD74nr8Aw&s,T1 Faker: Dominando League of Legends
43,TikTok,https://www.tiktok.com/discover/faker-league-of-legends,https://encrypted-tbn0.gstatic.com/images?q=tbn:ANd9GcSDXjBkrJ8hRXMwmkb96iyVeQgCIjiuXJdjMw&s,Faker League of Legends | TikTok
44,YouTube,https://www.youtube.com/watch?v=yty8h7i1saM,https://encrypted-tbn0.gstatic.com/images?q=tbn:ANd9GcQukCctuM7KurQSfIariggcfIBQOjLnOz9RQA&s,"T1 Faker: ""We learned that we'll be able to beat Gen.G the next time."""
45,Instagram,https://www.instagram.com/p/DQ21yzICsao/,https://encrypted-tbn0.gstatic.com/images?q=tbn:ANd9GcRUfxt_kIe0JyIHW0eglrY5hbBlrl-8sSQBWw&s,"SKT T1's Lee ""Faker"" Sang-hyeok reaffirmed his status as a legend after his  team won the League of Legends (LoL) World Championship, the world's  biggest esports tournament, on Sunday. T1, led by"
46,YouTube,https://www.youtube.com/watch?v=bj-gmhHIlQk,https://encrypted-tbn0.gstatic.com/images?q=tbn:ANd9GcTIbykwOj56S9-2Mf4gwta3rxenKPDV-p456Q&s,FAKER vs THESHY: LOSER IS OUT - T1 vs IG‚îÉWORLDS 2025
47,TikTok,https://www.tiktok.com/@redbullgaming/video/7416371498169994529,https://encrypted-tbn0.gstatic.com/images?q=tbn:ANd9GcQSLIEYEmnc__58uPQ7USils3ngZGKDI8L8-w&s,Faker's Resilience in the Face of Adversity
48,TikTok,https://www.tiktok.com/@vtvcab.esports.onlive/video/7565127057944956167,https://encrypted-tbn0.gstatic.com/images?q=tbn:ANd9GcQtFZPvciJlJiQrA4CIuu79Gh1yDA4RxkiBGA&s,Faker t√¨m ki·∫øm chi·∫øc cup th·ª© 6 t·∫°i Worlds 2025
49,TikTok,https://www.tiktok.com/@mrpoulpy143/video/7531893631322475798,https://encrypted-tbn0.gstatic.com/images?q=tbn:ANd9GcTxsciNMJk3P7bW4WD4RR91fcHcc6esP4mZmA&s,League of Legends: The Greatest of All Time!
51,YouTube,https://www.youtube.com/watch?v=pqq52xwrRQE,https://encrypted-tbn0.gstatic.com/images?q=tbn:ANd9GcSztcQOXM1-UnAmPljXptJ0DN_tAJRLANrprQ&s,T1 Faker interview after beating GenG (GenG vs T1 - MSI 2023)
52,Facebook,https://www.facebook.com/groups/2234164006829117/posts/4078070825771750/,https://encrypted-tbn0.gstatic.com/images?q=tbn:ANd9GcTfOWzPHI-XNwE31Re4wLeqVFEp7XVaLrU_Rw&s,Welcome to TFT league T1 feat. Chovy of Gen.G.. ü§£ü§£
53,YouTube,https://www.youtube.com/watch?v=w7IIUhAi5RU,https://encrypted-tbn0.gstatic.com/images?q=tbn:ANd9GcRdvIDYJ3F9iCxh1WxlBDAGf6ew8ju4z3l4wA&s,Faker Might Be Cooked
54,LoL Esports on X,https://x.com/lolesports/status/1984176976547234111,https://encrypted-tbn0.gstatic.com/images?q=tbn:ANd9GcQj1dy0M6k5ZH-GCJDkIUlUlClq6mRtBiHzpw&s,LoL Esports on X
55,Facebook,https://www.facebook.com/groups/290129349137313/posts/996980658452175/,https://encrypted-tbn0.gstatic.com/images?q=tbn:ANd9GcRxFdRoJxBP2DGXzwgff9AMQnng23vBli6CUQ&s,"Kfriends #esports #ksports #sportstour Lee Sang-hyeok, also known as Faker,  is a highly skilled professional gamer from South Korea who plays for T1 in  the popular game League of Legends (LoL). He"
56,Instagram,https://www.instagram.com/p/DP1dRTBE1Ms/,https://encrypted-tbn0.gstatic.com/images?q=tbn:ANd9GcTTj9iZktm3Xs6G3bye2zyu8addMrbJdnrZ6w&s,Watching Faker Dominate in 300 International Games | League of Legends
57,YouTube,https://www.youtube.com/watch?v=g11sRkVx0ug,https://encrypted-tbn0.gstatic.com/images?q=tbn:ANd9GcTzXsMtn8ST9QZB-KVeWkAADdndoCQKdGzN3g&s,SILVERSCRAPPING EPICNESS - T1 vs AL Highlights with Voice Comms Translated  - WORLDS 25
58,YouTube,https://www.youtube.com/watch?v=vommsXLiQ0I,https://encrypted-tbn0.gstatic.com/images?q=tbn:ANd9GcSr3W-hg-XSo5zcD20MlegwNzwh0hjHwSUhnw&s,How Doomed Would LoLesports be WITHOUT Faker?
59,WIN.GG,https://win.gg/news/will-faker-be-leaving-t1-in-2023/,https://encrypted-tbn0.gstatic.com/images?q=tbn:ANd9GcQy1w6apXYxKtZQ6ibIfSTSHunx12BRb2VsPg&s,Will Faker be leaving T1 in 2023? | WIN.gg
60,YouTube,https://www.youtube.com/watch?v=xpC9v8lP7yA,https://encrypted-tbn0.gstatic.com/images?q=tbn:ANd9GcSd99bR3DZpnfR_yakpTT95rZNmWTaensjqnw&s,I FINALLY MET FAKER!
61,YouTube,https://www.youtube.com/watch?v=ayyPraH_h-c,https://encrypted-tbn0.gstatic.com/images?q=tbn:ANd9GcTA8Q9y4ghLYm175wEa2zNrxe3yo3spA-PHwQ&s,Faker: ‚ÄúT1 Won't Fall ‚Äî We Will Come Back‚Äù - YouTube
62,TikTok,https://www.tiktok.com/@luymiee/video/7561091727692549397,https://encrypted-tbn0.gstatic.com/images?q=tbn:ANd9GcTneUtlFTJNKficOD1MbEbjE2H-o0Dcjr3QvQ&s,Faker: S·ª± quy·∫øn r≈© kh√¥ng th·ªÉ c∆∞·ª°ng l·∫°i trong ph·ªèng v·∫•n
63,TikTok,https://www.tiktok.com/@camirruu/video/7212150028213751045,https://encrypted-tbn0.gstatic.com/images?q=tbn:ANd9GcTW89I7PyMhYgERgofXI-mpqsIAFzuxz7i4kw&s,T1 celebrates Faker's 10th Year Anniversary as a Pro-player in the league!  üåπü•≥#10yearswithFaker #T1WIN #T1FIGHTING #Zeus #Oner #Faker #Gumayusi  #Keria #leaugueoflegends #lck
64,Instagram,https://www.instagram.com/p/DP8k74eiEhK/,https://encrypted-tbn0.gstatic.com/images?q=tbn:ANd9GcS1bsI5_sml1v8KaSfcIp0AwIoON6_n0-InXQ&s,Swipe to see the result of the GEN versus T1 match! _ #leagueoflegends  #lolesports #worlds2025 #gaming
65,Esports News UK,https://esports-news.co.uk/tag/t1/,https://encrypted-tbn0.gstatic.com/images?q=tbn:ANd9GcSV_l9rtyVZ9eodxqAAuBrr-1vKHYR9gOPD4g&s,Latest on t1 - Esports News UK
66,TikTok,https://www.tiktok.com/en/trending/detail/faker-in-2025-lol-worlds,https://encrypted-tbn0.gstatic.com/images?q=tbn:ANd9GcTrvE7opzOFYicFm43PakXfBfgIfTN7ykvT0Q&s,Faker in 2025 Lol Worlds | TikTok
67,Facebook,https://www.facebook.com/lolesports/posts/faker-after-their-win-against-cfo-/1289178829233891/,https://encrypted-tbn0.gstatic.com/images?q=tbn:ANd9GcSBruYtkpNU0WJ8NfHG5A4z_eQmw4ZjeWlQmA&s,Faker after their win against CFO üíÄ
68,TikTok,https://www.tiktok.com/@salt_303/video/7531763164388592917,https://encrypted-tbn0.gstatic.com/images?q=tbn:ANd9GcRCsSZ0d3Sa3a4lCfpywl1UC_93C4_Lq_9LBw&s,Faker t√°i k√≠ v·ªõi T1 4 nƒÉm üî•#faker #t1 #resign #leagueoflegends #esports  #goat #CapCut
70,TikTok,https://www.tiktok.com/@emiucuaanhs_/video/7533484396343594256,https://encrypted-tbn0.gstatic.com/images?q=tbn:ANd9GcR4NPr5djX2VsIDIYpCgyE2blH7lSe0nQv2bg&s,Faker: The Genius of League of Legends | TikTok
71,Instagram,https://www.instagram.com/p/DQO1SLvE1jy/,https://encrypted-tbn0.gstatic.com/images?q=tbn:ANd9GcQX9RjzyyF00DH1c_1GyNLUlcXk0XaPejDAwQ&s,The #Worlds2025 Quarterfinal matchups! Note: The match order is still TBD.  _ #leagueoflegends #lolesports #gaming #worlds
72,TikTok,https://www.tiktok.com/@salt_303/video/7568336831742479637,https://encrypted-tbn0.gstatic.com/images?q=tbn:ANd9GcQQkfODyuYhvFQlFFYLzIT8KwPnlyfbXIUwvQ&s,Faker T1 L·ªãch S·ª≠ Th·∫Øng LPL T·∫°i CKTG
73,TikTok,https://www.tiktok.com/@marca_gaming/video/7567350886591188246,https://encrypted-tbn0.gstatic.com/images?q=tbn:ANd9GcS68_KEApDH8EsJLlxlAHEJQXU_j_5Wcvp0JQ&s,T1 y Faker avanzan a semifinales del Mundial de LoL
74,TikTok,https://www.tiktok.com/@lolesports/video/7522969678763871501,https://encrypted-tbn0.gstatic.com/images?q=tbn:ANd9GcRATGCTKqU6cgAWaB6EiT7oB6BiQ4lk2PaDXg&s,Two Generations of League of Legends Esports
75,TikTok,https://www.tiktok.com/@agnes.a8/video/7568868954026921224,https://encrypted-tbn0.gstatic.com/images?q=tbn:ANd9GcS--DT7Jxm9K4oFEchYTX10UbzUDDyVjcZDyQ&s,Fighting T1: Faker and Doran Moments
76,TikTok,https://www.tiktok.com/@lolesports/video/7300211292357332267,https://encrypted-tbn0.gstatic.com/images?q=tbn:ANd9GcT3iDowlN2EQ6sDY8ccKwvLg_rAe2GQgjQuPg&s,Fan Q&A with Faker: Favorite Book & Pre-Game Thoughts | Worlds 2023
77,Instagram,https://www.instagram.com/p/C40t2SwIOCL/,https://encrypted-tbn0.gstatic.com/images?q=tbn:ANd9GcTQ4dSMeo1fcQMGVCKeAWBx450ltPxYQQMcqg&s,1Ô∏è‚É£1Ô∏è‚É£ YEARS OF @FAKER. _ #faker #lolesports #leagueoflegends #lol #gaming
78,Inven Global,https://www.invenglobal.com/articles/10318/t1-faker-talks-about-entering-the-new-season-playing-without-spectators-and-sett,https://encrypted-tbn0.gstatic.com/images?q=tbn:ANd9GcR5mvfncnt4qP8xONTdx-NyDN189ujQ2GmH7Q&s,"T1 Faker talks about entering the new season, playing without spectators,  and Sett - Inven Global"
79,TikTok,https://www.tiktok.com/discover/faker-chovy,https://encrypted-tbn0.gstatic.com/images?q=tbn:ANd9GcQ3g1c_ILiTKy27hIESiLW17kJnLzXrfBZFOg&s,Faker Chovy | TikTok
80,Facebook,https://www.facebook.com/Play.esportsVN/photos/%EF%B8%8Fh%E1%BB%8Fi-nhanh-%C4%91%C3%A1p-g%E1%BB%8Dn-c%C3%B9ng-t1-faker-tr%C6%B0%E1%BB%9Bc-th%E1%BB%81m-chung-k%E1%BA%BFt-worlds2025b%E1%BA%A1n-t%C3%AAn-l%C3%A0-g%C3%AC-v%C3%A0/1281459000691513/,https://encrypted-tbn0.gstatic.com/images?q=tbn:ANd9GcTxsGZ9pry3MvoRroZXv-j6cZy1WtfsNKp3pw&s,"Y√™u - ‚ÅâÔ∏èH·ªèi nhanh - ƒë√°p g·ªçn c√πng T1 Faker tr∆∞·ªõc th·ªÅm Chung k·∫øt #Worlds2025  ‚ùìB·∫°n t√™n l√† g√¨ v√† hi·ªán ƒëang thi ƒë·∫•u cho ƒë·ªôi tuy·ªÉn n√†o? üó£Ô∏èXin ch√†o, t√¥i l√†"
81,TikTok,https://www.tiktok.com/@fragster.com/video/7526218457654856982,https://encrypted-tbn0.gstatic.com/images?q=tbn:ANd9GcSHq-gsczEiwdYyHnaH2hXjChuXnwvf2JOU_g&s,Faker Dissects Doran's Death and More in League of Legends
82,YouTube,https://www.youtube.com/watch?v=CI9_zu_hT_0,https://encrypted-tbn0.gstatic.com/images?q=tbn:ANd9GcSDkA0Kog299KHuWdeyA2a9lE4bxYnBSVS5cQ&s,"Dom, Thorin & Monte on the Case AGAINST T1 22-23 Being the GOAT Team - LoL"
83,TikTok,https://www.tiktok.com/@konbini/video/7449063542738799905,https://encrypted-tbn0.gstatic.com/images?q=tbn:ANd9GcS8tQoeGxleUiZ-GsjuTrIM_OMLO6A7OI2Jmw&s,Faker : Qui est le GOAT du League of Legends ?
84,TikTok,https://www.tiktok.com/@jhijoc/video/7376320192856493344,https://encrypted-tbn0.gstatic.com/images?q=tbn:ANd9GcSBA5OX5QHRhYq2tHgDLvs0hvNuV7BbxAC5rQ&s,Faker: Las mejores jugadas en el Hall Of Fame
85,Instagram,https://www.instagram.com/reel/DNX_xwKoP17/,https://encrypted-tbn0.gstatic.com/images?q=tbn:ANd9GcTc3OqVJZxVXQSo3xNGXNx418Z03LA-ReXnGQ&s,"T1 absolutely ROASTED that player üò≥, #lolesports #leagueoflegends  #lolclips #esports #t1"
86,Instagram,https://www.instagram.com/p/DQhese_E50d/,https://encrypted-tbn0.gstatic.com/images?q=tbn:ANd9GcRX8UMwVok7WseunEzPf2g_YAGDOpxqeBVfIQ&s,Watch T1 vs TES in the #Worlds2025 Semifinal on LOLESports.com
87,TikTok,https://www.tiktok.com/@eritran6104/video/7550274896165686536,https://encrypted-tbn0.gstatic.com/images?q=tbn:ANd9GcQ6q9K-yC2FwUXff6Vl6ebgZ7kS9PRHNHGGkg&s,T1 Faker: M·ªôt Con Ng∆∞·ªùi Nhi·ªÅu Th√¢n Ph·∫≠n
88,YouTube,https://www.youtube.com/watch?v=fLsCNXF1Yb4,https://encrypted-tbn0.gstatic.com/images?q=tbn:ANd9GcTJoSibBAroujLJjA_oOumeOotNLfea2WvxQA&s,Faker almost cried after the match? ü•∫ | T1 vs JDG | Semifinals | Worlds  2023
89,Facebook,https://www.facebook.com/photo.php?fbid=1240628870755554&id=100044253588353&set=a.814854446666334,https://encrypted-tbn0.gstatic.com/images?q=tbn:ANd9GcQThRIi3JD5-XVZ3xoBqcZcKsDul4d9ruwgaQ&s,LOL - We asked the LoL Esports WhatsApp community to vote on the greatest  Bo5's in LoL Esports history! Do you agree with the result? | Facebook
90,Inven Global,https://www.invenglobal.com/articles/11567/t1-faker-it-feels-like-geng-has-this-mental-barrier-against-us,https://encrypted-tbn0.gstatic.com/images?q=tbn:ANd9GcRlsCXYkkMqNVboV7YuFHhBr6LKYYif5MxDiQ&s,"T1 Faker: ""It feels like Gen.G has this mental barrier against us."" - Inven  Global"
91,TikTok,https://www.tiktok.com/discover/faker-multitasking-at-worlds,https://encrypted-tbn0.gstatic.com/images?q=tbn:ANd9GcTe8SXhdxHgnWTS1XbJLnnGPxU6nmvx9aAQcA&s,Faker Multitasking at Worlds | TikTok
92,Instagram,https://www.instagram.com/p/DNvUpWyUIr3/,https://encrypted-tbn0.gstatic.com/images?q=tbn:ANd9GcT9eY9Uty4rMmIl1a1HXIBLOCm0au6gsrsPGA&s,Swipe to see the result of the series between T1 and KT! _ #lolesports  #leagueoflegends #gaming
93,TikTok,https://www.tiktok.com/discover/faker-hall-of-legends-breakdown,https://encrypted-tbn0.gstatic.com/images?q=tbn:ANd9GcQT7f3_eWxY_snQQI9QUlu4a6NGK5rK7aeKEg&s,Faker Hall of Legends Breakdown | TikTok
94,TikTok,https://www.tiktok.com/@ilhadaslendas/video/7570689867735174421,https://encrypted-tbn0.gstatic.com/images?q=tbn:ANd9GcSQrYxKvBZFNDWkkBm-hOQaZ44sYU_U-PRt6Q&s,T1 FAKER üçå #leagueoflegends #worlds #t1 #faker | TikTok
95,Facebook,https://www.facebook.com/JuanTutri113/posts/faker-is-still-undefeated-against-any-lpl-team-in-any-best-of-five-series-at-wor/855042466865999/,https://encrypted-tbn0.gstatic.com/images?q=tbn:ANd9GcQ0ozwdu_Rnpw65PcATY7ygmLaD_Bthw68eeA&s,Faker is still undefeated against any LPL team in any best-of-five series  at Worlds. #Worlds2025 #LOLEsports
96,TikTok,https://www.tiktok.com/@oneesports/video/7213358936580214024,https://encrypted-tbn0.gstatic.com/images?q=tbn:ANd9GcSv3fCc6XcjJX9AWIk2zmgPWLzYFTYpOF3wKg&s,Zeus T1 Highlights and Gameplay Moments in League of Legends
97,TikTok,https://www.tiktok.com/@dvgcr7ur/video/7568072125894937876,https://encrypted-tbn0.gstatic.com/images?q=tbn:ANd9GcR2rPlQMYygM7jcBMWQz_qmrIoGjkpm_D8CPw&s,ƒê·∫°i chi·∫øn vi·ªÖn th√¥ng T1 - KT. Th√†nh ƒë√¥ th·∫≥ng ti·∫øn n√†o.#lolesports #fak... |  TikTok
98,TikTok,https://www.tiktok.com/@lvpnorte/video/7231602324534234374,https://encrypted-tbn0.gstatic.com/images?q=tbn:ANd9GcQwchaC6VmGJ27zw-w4eUuwCKCYXFod4i-GRg&s,El #faker que habla espa√±ol apareci√≥. üòÄ #fakerlol #t1 #LCK #gamerentiktok  #leaguetiktok #msi2023 #leagueoflegends
99,TikTok,https://www.tiktok.com/@noefa_tt/photo/7569687817438219538,https://encrypted-tbn0.gstatic.com/images?q=tbn:ANd9GcSXopk4vK5KJ2IZG1W8te_qv_Ruu3fPbgUSIg&s,üëÄüôåüî• #worlds #t1 #faker #LEAGUEOFLEGENDS #ESPORTS | faker | TikTok
100,TikTok,https://www.tiktok.com/@onlivelienminh/video/7565878239307074824,https://encrypted-tbn0.gstatic.com/images?q=tbn:ANd9GcSq6VDb-iu4xVdSjbpO5sIS7O8Ai7Brjy7yxw&s,Faker v√† Azir trong Li√™n Minh Huy·ªÅn Tho·∫°i
101,Reddit,https://www.reddit.com/r/leagueoflegends/comments/dgy5v4/skt_faker_tells_ashley_kang_his_impression_on/,https://serpapi.com/searches/691886ed217ade1c923b4f3f/images/ffc66ede72c26d25fe5fdb0f5d394bf7df8f8e15b053cb3522121adc8335aed2.jpeg,"SKT Faker tells Ashley Kang his impression on Phoenix music video: ""It did  seem to visualize my emotional state really well, I ... Felt that it was  good. When I watched it, I thought that I should ..."
102,YouTube,https://www.youtube.com/watch?v=4h7LL1FbhDw,https://serpapi.com/searches/691886ed217ade1c923b4f3f/images/ffc66ede72c26d25696b070f031734cd74622314464f519ab9605033813955ce.jpeg,Faker tries hard to keep his distance from the girl | ASIAD 2023 | T1 cute  moments
103,GameBoost,https://gameboost.com/blog/everything-about-fakers-girlfriend,https://serpapi.com/searches/691886ed217ade1c923b4f3f/images/ffc66ede72c26d256f8d389365f6928683135f0ae2ceaa54259157cb632706db.jpeg,Faker's Girlfriend: Everything to Know about Her
104,KbizoOm,https://kbizoom.com/faker-t1-contract-2029-league-of-legends/,https://serpapi.com/searches/691886ed217ade1c923b4f3f/images/ffc66ede72c26d2558ede0b880e3e16d35d688f6f316d65da0e5a2b82c66188e.jpeg,"Faker Stays with T1 Until 2029: The Past, Present, and Future of Esports  and League of Legends - KbizoOm"
105,VSGG,https://vsgg.com/en/news/3351,https://serpapi.com/searches/691886ed217ade1c923b4f3f/images/ffc66ede72c26d25b6e40ad5b0b6b05103efb0a001589f7d765ff40952a31f1c.jpeg,"A hot girl suspected to be ""Faker's rumored girlfriend"" appears, her beauty  is ""over the top"" - Information - VSGG"
107,Esports.gg,https://esports.gg/news/league-of-legends/razer-t1-faker-mouse-exclusive/,https://serpapi.com/searches/691886ed217ade1c923b4f3f/images/ffc66ede72c26d251d7f223873274b937f8e895d26dea75fc7ba8a0ccfdbb0c6.jpeg,Razer signs T1 Faker to his first-ever exclusive sponsorship and hardware  line | esports.gg
108,TikTok,https://www.tiktok.com/@thescoreesports/video/7441722819240660280,https://serpapi.com/searches/691886ed217ade1c923b4f3f/images/ffc66ede72c26d2563f38a288ca7d766923ead2f37c244902084a32d716d54a5.jpeg,Discover the Man Behind the Smile: Faker Esports Champion
109,vortexgaming.io,https://vortexgaming.io/en/postdetail/564922,https://serpapi.com/searches/691886ed217ade1c923b4f3f/images/ffc66ede72c26d251701db6e824971850950d8537ca97ff1eed14beff8f63e3c.jpeg,"Faker' on his 10th Worlds appearance: ""Of course, the goal is to win"" |  Vortex Gaming"
113,YouTube,https://www.youtube.com/watch?v=j47YMpGQDpk,https://serpapi.com/searches/691886ed217ade1c923b4f3f/images/ffc66ede72c26d25696b070f031734cd64ee828540dfcef72498bd68053a3be9.jpeg,Faker is the Main Character | #T1 Dynasty is Unstoppable #Worlds2024
114,YouTube,https://www.youtube.com/watch?v=Yd4YRVDv_vI,https://serpapi.com/searches/691886ed217ade1c923b4f3f/images/ffc66ede72c26d25696b070f031734cd5fffaa6b5182e25ec14dbcf98420cf23.jpeg,"Ep.8 T1 Faker, Oner | LCK Review Desk"
115,YouTube,https://www.youtube.com/watch?v=sZuQoRtf0Vg,https://serpapi.com/searches/691886ed217ade1c923b4f3f/images/ffc66ede72c26d25696b070f031734cd234316d8a76ebce42183aaa336218eb0.jpeg,Nemesis Faker couple reunite VS GenG Rascal and BRO Yaharong |  Nemesis/Faker stream higlights
116,TikTok,https://www.tiktok.com/@caedrel/video/7571139986339335447,https://serpapi.com/searches/691886ed217ade1c923b4f3f/images/ffc66ede72c26d25696b070f031734cdfa8a4bd2afe80c9afc4febae2762662f.jpeg,FAKERS LIKE A CONSTELLATION #caedrelclips #leaguetok #worlds2025 #fyp #faker
117,YouTube,https://www.youtube.com/watch?v=scjPZwN93Eo,https://serpapi.com/searches/691886ed217ade1c923b4f3f/images/ffc66ede72c26d25696b070f031734cd924816f859b56e3504199259053aa13b.jpeg,"""Chances are pretty good"" - T1 Faker - Post-Game Interview (T1 vs EDG -  Worlds 2022)"
119,YouTube,https://www.youtube.com/watch?v=isbnj6WdM-I,https://serpapi.com/searches/691886ed217ade1c923b4f3f/images/ffc66ede72c26d25696b070f031734cd7f10e967220ed17eca73479e8dabb039.jpeg,"1, 2, 3, T1 Fighting!! | Today's Worlds | Worlds 2025"
121,YouTube,https://www.youtube.com/watch?v=BZq0xScN-c0,https://serpapi.com/searches/691886ed217ade1c923b4f3f/images/ffc66ede72c26d256f8d389365f692865a596f1bf9a22c42212c74b134a33cee.jpeg,#T1 Rides the ROLSTER COASTER to the TOP | Weekend Recap
122,Instagram,https://www.instagram.com/reel/DQ1whDIEQgJ/,https://serpapi.com/searches/691886ed217ade1c923b4f3f/images/ffc66ede72c26d256f8d389365f692860cda343bf3a5d00ff2dcc03dd4f6ce94.jpeg,Who Is the GOAT of League of Legends Esports and Faker's Dominance
123,Esports News UK,https://esports-news.co.uk/tag/faker/,https://serpapi.com/searches/691886ed217ade1c923b4f3f/images/ffc66ede72c26d256f8d389365f692864f9ce4d740840746c4f456828cf9a1ba.jpeg,Latest on faker - Esports News UK
124,TikTok,https://www.tiktok.com/@shaherslife/video/7550252497718349074,https://serpapi.com/searches/691886ed217ade1c923b4f3f/images/ffc66ede72c26d256f8d389365f692867b334ff49dba946d5dd63dc70a2dd8fc.jpeg,Cosplaying as Faker in China: A League of Legends Journey
125,YouTube,https://www.youtube.com/watch?v=aYcnwTiVidI,https://serpapi.com/searches/691886ed217ade1c923b4f3f/images/ffc66ede72c26d256f8d389365f69286a3b84d56345917dd14c156b8ab6ff1cc.jpeg,T1's Immaculate Worlds Finals Voice Comms
126,YouTube,https://www.youtube.com/watch?v=NzQkCJU-Pbk,https://serpapi.com/searches/691886ed217ade1c923b4f3f/images/ffc66ede72c26d256f8d389365f69286f2aa9327c089cf84b6c8258d95a99dc6.jpeg,T1 FAKER's Favorite Game : LOL vs. AMONG US | You Quiz On The Block -  YouTube
127,TikTok,https://www.tiktok.com/@ewc_en/video/7534524322434551058,https://serpapi.com/searches/691886ed217ade1c923b4f3f/images/ffc66ede72c26d256f8d389365f69286951712f7b7413fe9475decd6bda352eb.jpeg,Team Falcons' Key Choices in Overwatch 2
129,X,https://x.com/RandalthorFR/status/1984575795889619340,https://serpapi.com/searches/691886ed217ade1c923b4f3f/images/ffc66ede72c26d256f8d389365f69286cca9e076e7984d598dfe083bebb7a72f.jpeg,KC Antho on X
130,Facebook,https://www.facebook.com/Play.esportsVN/posts/cktg-2013-skt-t1-faker-kh%C3%B4ng-vui-khi-omg-t%E1%BB%AB-ch%E1%BB%91i-b%E1%BA%AFt-tay-t%E1%BA%A1i-v%C3%B2ng-b%E1%BA%A3ng-mu%E1%BB%91n-tr%E1%BA%A3-/1280605414110205/,https://serpapi.com/searches/691886ed217ade1c923b4f3f/images/ffc66ede72c26d256f8d389365f692868375ae42b41ead1c1b9d6e3f487a2073.jpeg,‚ùåCKTG 2013: SKT T1 Faker üá∞üá∑ ‚Äúkh√¥ng vui‚Äù khi OMG üá®üá≥ t·ª´ ch·ªëi b·∫Øt tay t·∫°i  V√≤ng B·∫£ng & mu·ªën ‚Äútr·∫£ tk√π‚Äù ‚ùåAll-Star Paris 2014: SKT T1 & Faker üá∞üá∑ l·∫°i b·ªã
131,YouTube,https://www.youtube.com/watch?v=o5ecdd5e5eU,https://serpapi.com/searches/691886ed217ade1c923b4f3f/images/ffc66ede72c26d2558ede0b880e3e16d55fda6657693efa431c0c349efbf8b1c.jpeg,The Best of All-Time: The Story of T1 LoL
132,Reddit,https://www.reddit.com/r/leagueoflegends/comments/1cu7ntf/faker_after_t1_vs_g2_when_were_behind_i_always/,https://serpapi.com/searches/691886ed217ade1c923b4f3f/images/ffc66ede72c26d2558ede0b880e3e16d646898ff3d7d1f7407735ed21e59fb9a.jpeg,"Faker after T1 vs G2 ""When we're behind, I always try to make the best play  possible. From the outside perspective, it may seem like a bad play. But I  myself am always trying my best to make the best ..."
133,TikTok,https://www.tiktok.com/@cy.on12/video/7519471041769458962,https://serpapi.com/searches/691886ed217ade1c923b4f3f/images/ffc66ede72c26d2558ede0b880e3e16dd6fec74fc60d64d82b09a99d0573d823.jpeg,Faker: Huy·ªÅn tho·∫°i kh√¥ng bao gi·ªù r·ªùi b·ªè
134,YouTube,https://www.youtube.com/watch?v=tpCoP0li74Y,https://serpapi.com/searches/691886ed217ade1c923b4f3f/images/ffc66ede72c26d2558ede0b880e3e16d216a11186325a27e19952c40934ac0cb.jpeg,League of Legends 2025 was Better than Our Wildest Dreams [Faker]
135,YouTube,https://www.youtube.com/watch?v=LmvdZ_s_4DI,https://encrypted-tbn0.gstatic.com/images?q=tbn:ANd9GcT0KGtIf_VGDLlzcdDGu_HIKI-wQpAPpcGwbQ&s,Finals Trash Talk | T1 vs. GEN | 2022 LCK Spring Split FINALS
136,YouTube,https://www.youtube.com/watch?v=mwwCxjmbUKg,https://encrypted-tbn0.gstatic.com/images?q=tbn:ANd9GcS33a1wEVLzet2i5TnPjNVQsqMgYrj9xl5taw&s,ÎÇò ÌéòÏù¥Ïª§ Ìä∏Î¶∞Îã§ÎØ∏Ïñ¥ÏôÄ Ìï®Íªò ÏÑ§ Ïó∞Ìú¥Î•º ÎßûÏù¥ÌïòÎü¨ ÏôîÎã§! [Faker Stream Highlight]
137,Yahoo News Singapore,https://sg.news.yahoo.com/league-of-legends-how-to-play-azir-just-like-t1-faker-dominate-your-enemies-the-mid-lane-182300334.html,https://encrypted-tbn0.gstatic.com/images?q=tbn:ANd9GcR58I83GPeKgT8lC9UG13K8gOEEexgjz1naaw&s,League of Legends: How to play Azir just like T1's Faker and dominate your  enemies in the mid lane - Yahoo News Singapore
138,YouTube,https://www.youtube.com/watch?v=GoBqqSV6MAs,https://encrypted-tbn0.gstatic.com/images?q=tbn:ANd9GcTJQW4OxPkhzY3inP9kKTpx6ugKLyFaJSkISQ&s,"FAKER VERSUS POBY EN UNA RANKED Y LAS COSAS SE PUSIERON ""INTENSAS"" ¬°ES EL  MEJOR DE LA HISTORIA! - YouTube"
139,Instagram,https://www.instagram.com/p/DQikZXiAaOw/,https://encrypted-tbn0.gstatic.com/images?q=tbn:ANd9GcStZ3RTth7UQo1M4eyCGTNUKE_IAMzG13DAvw&s,T1 vs TES: A Legendary Rivalry Heats Up in the 2025 Worlds
140,TikTok,https://www.tiktok.com/@aigooo.faker/video/7565166622764305672,https://encrypted-tbn0.gstatic.com/images?q=tbn:ANd9GcTPZqrwOCkBtcoEd_ZEYPYp8m6S31kdxZ0Vkg&s,Fan VN c√≥ th·ªÉ l√™n ƒë·ªânh v·ªõi Faker
141,YouTube,https://www.youtube.com/watch?v=d29aPafzuxE,https://encrypted-tbn0.gstatic.com/images?q=tbn:ANd9GcRRaHxE4UTb36YvyU8RKEJk9gn1bcyF_Dr1xw&s,T1 DEBUT AT MSI 2024 VS EST FROM THE LLA - MSI 2024 - CAEDREL
142,TikTok,https://www.tiktok.com/@shopifyrebellion/video/7383194954299936005,https://encrypted-tbn0.gstatic.com/images?q=tbn:ANd9GcRq14IROjaukRcwHcUvRhZ2zYZGIit6PpS5ag&s,THE MOST HANDSOME GAMER #LCS #LOL #FYP | TikTok
143,esports.gg,https://esports.gg/news/league-of-legends/fnc-poby-lol-worlds-2025-interview-asset-days/,https://encrypted-tbn0.gstatic.com/images?q=tbn:ANd9GcTqdADEt_FRpP37n519jMvxqKlAk4TSvpZm9A&s,FNC Poby eager to learn from Faker: ‚ÄúIt'd be an honor to face T1 on stage‚Äù  | esports.gg
144,TikTok,https://www.tiktok.com/@hokglobalesports/video/7571728203513859336,https://encrypted-tbn0.gstatic.com/images?q=tbn:ANd9GcQbaIsrT7ukF3KYpW6jAoPRvMg0ctxB75gNfw&s,"‚ö° #KIC2025 calling for fans support! Comment now to show your support for  @kagendra.id , @vesakha.esports and @teamrrq ! üî• #shinehok #2025HOK  #HonorOfKings #HOKEsports"
145,YouTube,https://www.youtube.com/watch?v=O17x0ZvO2_w,https://encrypted-tbn0.gstatic.com/images?q=tbn:ANd9GcQ4c2LIAEoiON3XPxwUDE3bGev9-G1to0iHJQ&s,Faker logr√≥ salvar el MUNDIAL contra el Bilibili de Bin.
146,YouTube,https://www.youtube.com/watch?v=ZOfMJyLCiIg,https://encrypted-tbn0.gstatic.com/images?q=tbn:ANd9GcTWXmwtvUE2AQo-CyQhlBmHfyGDegyv6q-lTg&s,FAKER AND GUMAYUSI ARE BACK?! *T1 VS DRX* - YouTube
147,Facebook,https://www.facebook.com/StoreRinconGamer/posts/aqui-les-comparto-la-hermana-de-faker-creo-que-es-buena-jugando-lol-tambi%C3%A9n/3134134063291644/,https://encrypted-tbn0.gstatic.com/images?q=tbn:ANd9GcQciLuYO3jqYh_pVUBoyAxM9OW3p4RiaHusTw&s,Aqui les comparto la hermana de Faker ü§î Creo que es buena jugando lol  tambi√©n
148,Instagram,https://www.instagram.com/p/DP8rujdDuZG/,https://encrypted-tbn0.gstatic.com/images?q=tbn:ANd9GcSpd_KZCz4xOZsdstBNbcC0RY3BqzOCEnavWw&s,Swipe to see the result of the G2 versus BLG match! _ #leagueoflegends  #league #lolesports #worlds2025
149,YouTube,https://www.youtube.com/watch?v=AmPjLqj3SCY,https://encrypted-tbn0.gstatic.com/images?q=tbn:ANd9GcS5teGgKyb35IQF8DGWdDbmYdM6sDCFxNHDMA&s,FIRST TIME EVER 5 GAMES T1 VS GENG - CAEDREL - YouTube
150,Instagram,https://www.instagram.com/p/DQMQY2yjmu5/,https://encrypted-tbn0.gstatic.com/images?q=tbn:ANd9GcRGvi9lJIHDLUFxvupu67CBR9VErLt22uqARA&s,ONE LAST CHANCE: The #Worlds2025 Swiss Stage Round 5 draw! Match order: CFO  üÜö FLY BLG üÜö TES MKOI üÜö T1 #Worlds2025 Swiss Stage Round 5 kicks off at  10pm PT /
151,Esports Bet,https://esportsbet.io/news/lol/breaking/details/Global/26564/CHOVY-BEFORE-THE-MATCH-AGAINST-T1-AT-MSI-2025-AS-A-CHILD-I-NEVER-IMAGINED-ACHIEVING-SUCH-SUCCESS/,https://encrypted-tbn0.gstatic.com/images?q=tbn:ANd9GcTOAtgScDwbRzI1dRMTHeH0qANGlbsz5ohGjQ&s,"Chovy before the match against T1 at MSI 2025: ""As a child, I never  imagined achieving"
152,TikTok,https://www.tiktok.com/@nidnews/video/7286956492115201286,https://encrypted-tbn0.gstatic.com/images?q=tbn:ANd9GcTMxINI2pOzgiUlGm-S08YNOZHlH_-QeePdfA&s,Imagina ser o primo de um deles‚Ä¶ Faker √© ‚Äútio‚Äù do Gumayusi #leagueoflegends  #faker #gumayusi #lck #leagueoflegendsbrasil #nidnews #lol
153,Th·ªÉ thao VTV - VTV.vn,https://thethao.vtv.vn/cac-mon-khac/nguoi-quen-tiet-lo-muc-thu-nhap-khong-lo-cua-t1-faker-2025032615105002.htm,https://encrypted-tbn0.gstatic.com/images?q=tbn:ANd9GcQltVoDwaMuRluUFkO6sGOe8iLV9kx6IbKvMw&s,Ti·∫øt l·ªô m·ª©c thu nh·∫≠p kh·ªïng l·ªì c·ªßa T1 Faker
154,YouTube,https://www.youtube.com/watch?v=9bL51xyIErk,https://encrypted-tbn0.gstatic.com/images?q=tbn:ANd9GcRrx4UZ3ZtVXxuZHyFxUerObTTZLUqEn_iKQQ&s,T1 DE FAKER SACA YORICK MODO DIOS!üò±NO PARAN DE PELEAR!üî• | T1 vs BFX Game  1 LCK 2025 W8D2
155,Facebook,https://www.facebook.com/groups/118290002187074/posts/1310573816292014/,https://encrypted-tbn0.gstatic.com/images?q=tbn:ANd9GcTDWSXwmT9OffObnDr64nPVRwW3R7YSO3XXOA&s,League of Legends - Philippines
156,TikTok,https://www.tiktok.com/@logitechg/video/7353344979714034990,https://encrypted-tbn0.gstatic.com/images?q=tbn:ANd9GcQd6eJFQyUHYdYyrf_SXI3kONFPSPIH97jYvg&s,Sonder's Origin Story in Valorant | FlyQuest
157,Inven Global,https://www.invenglobal.com/articles/16215/geng-peanut-as-long-as-we-win-the-game-its-okay-for-my-laners-to-be-pushed-back-in-lane,https://encrypted-tbn0.gstatic.com/images?q=tbn:ANd9GcRu2hFusTvbirBoHaNk5KZIfvJ20na4TRrwDA&s,"Gen.G Peanut: ""As long as we win the game, it's okay for my laners to be  pushed back in lane."" - Inven Global"
158,TikTok,https://www.tiktok.com/@caedrel/video/7337080863190011169,https://encrypted-tbn0.gstatic.com/images?q=tbn:ANd9GcQGmTMrJKZY_jUrlxQ6vLSDtlHEZa3dmXiBug&s,Gumayusi Celebrations and Unusual Reactions in League of Legends
160,TikTok,https://www.tiktok.com/@mel_anji/video/7280365252246539562,https://encrypted-tbn0.gstatic.com/images?q=tbn:ANd9GcRK6S9h-z1sLyzggDLjLm2jtzoDR8xjFUJdhg&s,gamechangers players hit different #valorant #valorantclips | TikTok
161,TikTok,https://www.tiktok.com/@eefjeuh/video/7508045490668211478,https://encrypted-tbn0.gstatic.com/images?q=tbn:ANd9GcQo1FvRZOi4RZmX-h7bN5PRpOFqQF4yCglqWw&s,Essential Tips to Avoid Throwing Games in League of Legends
162,YouTube,https://www.youtube.com/watch?v=BP4xFoKr1qo,https://encrypted-tbn0.gstatic.com/images?q=tbn:ANd9GcQmU4IQ34tPE1GHAhwNImTPPx-Skr9FpyvqEA&s,T1 Players all Posing after Game - YouTube
163,Instagram,https://www.instagram.com/p/DQb5rlHk8bG/,https://encrypted-tbn0.gstatic.com/images?q=tbn:ANd9GcRpWPgDAQg6VxS39QpecG0mvJy9AcEdwo7KhA&s,WELCOME TO THE SEMIFINALS! _ #leagueoflegends #lolesports #worlds #gaming
164,YouTube,https://www.youtube.com/watch?v=ByzLCMkkMQ0,https://encrypted-tbn0.gstatic.com/images?q=tbn:ANd9GcRzWjdzUdPtjbygw6eP-GNJPythRfAVNmU93w&s,FULL DAY HIGHLIGHTS | Quarterfinals Day 4 | Worlds 2022
165,GameK,https://gamek.vn/faker-la-tuyen-thu-esports-duy-nhat-duoc-tap-chi-techm-han-quoc-binh-chon-la-nhan-vat-cua-nam-20211230103047234.chn,https://encrypted-tbn0.gstatic.com/images?q=tbn:ANd9GcTpIZYZBevnojm6n5LcP57shlTw0OMt8ZASvw&s,Faker l√† tuy·ªÉn th·ªß Esports duy nh·∫•t ƒë∆∞·ª£c t·∫°p ch√≠ TechM H√†n Qu·ªëc b√¨nh ch·ªçn  l√† nh√¢n v·∫≠t c·ªßa nƒÉm
166,allkpop,https://www.allkpop.com/article/2018/11/skt-t1-s-faker-to-appear-on-hello-counselor-with-red-velvet,https://encrypted-tbn0.gstatic.com/images?q=tbn:ANd9GcRvfuKYz1SJz8tX68X_8oYYOn7CuHKBuf005w&s,SKT T1's Faker to appear on 'Hello Counselor' with Red Velvet | allkpop
167,TikTok,https://www.tiktok.com/@apokaa/video/7429576507388955909,https://encrypted-tbn0.gstatic.com/images?q=tbn:ANd9GcSLxFKEp1HFPb0DmHADOwgyad9sfKv3x_sYyw&s,Incre√≠ble la pantalla de FAKER | Apokalol y m√°s | League of Legends
168,YouTube,https://www.youtube.com/watch?v=hASW6ieEH9g,https://encrypted-tbn0.gstatic.com/images?q=tbn:ANd9GcQ9PJHzlhl7qrR38UnM2JvElSW0UrAS_xqCKA&s,THE LAST MISSION: THE KNIGHT AIMS TOWARDS THE KING - T1 vs BLG | WORLDS  2024 FINALS - YouTube
169,TikTok,https://www.tiktok.com/@prx_f0rsaken/video/7480127769750326536,https://encrypted-tbn0.gstatic.com/images?q=tbn:ANd9GcTQQFqNWOmTqXpVS2BzA3DAD9J2ZpSf77q3DA&s,Discover the Real Champions in VALORANT Gameplay
170,TikTok,https://www.tiktok.com/@miray_loll/video/7561457166213827851,https://encrypted-tbn0.gstatic.com/images?q=tbn:ANd9GcToKgHVe3q6rJbhkjAF47kfVtAyLjdeLAA9-w&s,T1's Dominance in League of Legends Worlds 2025
171,YouTube,https://www.youtube.com/watch?v=IV6DNtfR06A,https://encrypted-tbn0.gstatic.com/images?q=tbn:ANd9GcT_P_LIxpuFGhr-TPkwPRihQTxxapAzTjSgAw&s,Gumayusi Terrorizing Faker & Lehends - Best of LoL Highlights (Translated)  - YouTube
172,YouTube,https://www.youtube.com/watch?v=iIWU_yIP8V0,https://encrypted-tbn0.gstatic.com/images?q=tbn:ANd9GcTuVmNB6w4nUWJ-KOeB1-uWYYkdDVQ2dJXpEw&s,DK vs MAD - Game 4 | Semi Finals LoL MSI 2021 Knockout Stage | DAMWON Kia  vs Mad Lions G4
173,YouTube,https://www.youtube.com/watch?v=rDxKJsp4IgQ,https://encrypted-tbn0.gstatic.com/images?q=tbn:ANd9GcTQ9O56WB7egRPQ5ITxeMKq0UxBazv-VhyIKA&s,"Update LMHT: Faker n√≥i th·∫≥ng v·ªÅ t√¨nh h√¨nh ch·∫•n th∆∞∆°ng t·∫°i MSI 2025, Chovy  b·ªã fan Trung Qu·ªëc troll"
174,Tryhard.cz,https://tryhard.cz/article/t1-znicili-posledni-nadeji-ciny-finale-worlds-nabidne-telecom-war,https://encrypted-tbn0.gstatic.com/images?q=tbn:ANd9GcTtPwo-iIsLYBMXJpwmozZAz1P4Zc6B9yrO1Q&s,"T1 zniƒçili posledn√≠ nadƒõji ƒå√≠ny, fin√°le Worlds nab√≠dne ""Telecom war"" |  Tryhard.cz"
175,TikTok,https://www.tiktok.com/@lvlglobal/video/7264976271770144032,https://encrypted-tbn0.gstatic.com/images?q=tbn:ANd9GcRH13hXqz1NMdWUw6SVGriVON0U_EsrgP0aDw&s,PC Nerd vs. Esports Pro: Hilarious Gaming Showdown
176,Facebook,https://www.facebook.com/photo.php?fbid=982480933922656&id=100064822745975&set=a.465490342288387,https://encrypted-tbn0.gstatic.com/images?q=tbn:ANd9GcROpMn9pEj-twvLA-A6RenNb8hsb6CFOWttrQ&s,"Y√™u - üó£Ô∏èT1 Faker: ""Ch√∫ng t√¥i ƒë√£ th·ª≠ gan ng·ªóng v√† ·ªëc ·ªü Paris. ƒê√≥ l√† m·ªôt  tr·∫£i nghi·ªám tuy·ªát v·ªùi nh∆∞ng t√¥i nghƒ© n√≥ kh√¥ng h·ª£p v·ªõi kh·∫©u v·ªã ng∆∞·ªùi üá∞üá∑."
177,TikTok,https://www.tiktok.com/@liquid/video/7571157839431879966,https://encrypted-tbn0.gstatic.com/images?q=tbn:ANd9GcQrPz1T1nLsuNSto72TKxLYqUk-cSj--WD_mg&s,Who is the Real GOAT in League of Legends?
178,Facebook,https://www.facebook.com/lckvietnams/videos/-b%E1%BA%A1n-th%E1%BA%A5y-v%C5%A9-%C4%91i%E1%BB%87u-c%E1%BB%A7a-tuy%E1%BB%83n-th%E1%BB%A7-xiaohu-th%E1%BA%BF-n%C3%A0o-faker-t%C3%B4i-th%E1%BA%A5y-anh-%E1%BA%A5y-nh%E1%BA%A3y-r%E1%BA%A5t-gi/583909833967257/,https://encrypted-tbn0.gstatic.com/images?q=tbn:ANd9GcQReWPVvSbulvqvJpO9MWy7OqubU2ldy6IdAw&s,üéô B·∫°n th·∫•y v≈© ƒëi·ªáu c·ªßa tuy·ªÉn th·ªß Xiaohu th·∫ø n√†o? Faker: T√¥i th·∫•y anh ·∫•y  nh·∫£y r·∫•t gi·ªèi. üéô B·∫°n c√≥ th·ªÉ nh·∫£y th·ª≠ m·ªôt ƒë·ªông t√°c kh√¥ng? Faker: Kh√¥ng. üéô
179,YouTube,https://www.youtube.com/watch?v=TsxZIlXV6i0,https://encrypted-tbn0.gstatic.com/images?q=tbn:ANd9GcRHwZn7F9AvO3qbill9nXBU1PeAmYxeUopkag&s,Caedrel Story About Meeting FAKER - YouTube
180,YouTube,https://www.youtube.com/watch?v=5LmYt6AfEC4,https://encrypted-tbn0.gstatic.com/images?q=tbn:ANd9GcRH75gzrHoW4782Ab3zKnLxyyolfob6CpY17w&s,EXCLUSIVE: Huni on playing for SKT and the pressure to remain the best in  the world - YouTube
181,Facebook,https://www.facebook.com/HideintheMoonlight/videos/-xin-ch%C3%A0o-m%C3%ACnh-l%C3%A0-t1-faker-lee-sang-hyeok-m%C3%ACnh-v%E1%BB%ABa-nh%E1%BA%ADn-%C4%91%C6%B0%E1%BB%A3c-tin-m%C3%ACnh-%C4%91%C3%A3-%C4%91%C6%B0%E1%BB%A3c-b%E1%BA%A7/1101659014744190/,https://encrypted-tbn0.gstatic.com/images?q=tbn:ANd9GcQAVrWViQVHyV0U4aqoTbQ7vQTpMiV_tr4Pig&s,"üêß Xin ch√†o ~ M√¨nh l√† T1 Faker, Lee Sang Hyeok. üêß M√¨nh v·ª´a nh·∫≠n ƒë∆∞·ª£c tin  m√¨nh ƒë√£ ƒë∆∞·ª£c b·∫ßu ch·ªçn v√†o Esports Hall of Fame Stars nƒÉm 2024. M√¨nh th·ª±c"
182,Instagram,https://www.instagram.com/reel/DLvpA8NBH70/,https://encrypted-tbn0.gstatic.com/images?q=tbn:ANd9GcTBNsdBBHSJNrmyLdtbeOUd9IP3V2igLWL1OA&s,Simplesmente o Faker dando um flanco de Orianna no #MSI2025
183,TikTok,https://www.tiktok.com/@caedrel/video/7439153815795928352,https://encrypted-tbn0.gstatic.com/images?q=tbn:ANd9GcTpjAepVbX-a6ja3qafjHxYxndcclZlYl0ryw&s,Doran Takes the Helm at T1 After Zeus Departure
184,TikTok,https://www.tiktok.com/@tacterofficial/video/7280089241193844001,https://encrypted-tbn0.gstatic.com/images?q=tbn:ANd9GcRxaMtyt2LFBBFz7_aBu2vQpabIDvRYNx1AVw&s,Mastering Yone: Best Build and Gameplay Tips for Patch 13.18
185,TikTok,https://www.tiktok.com/@travisgafford/video/7290799226240503070,https://encrypted-tbn0.gstatic.com/images?q=tbn:ANd9GcTPeWvmp684BJoY92v9uUm0OGS42iaLxCAdLw&s,What is this old League of Legends item called? #leagueoflegends  #leaguetiktok #alienwarepartner #leaguetok
186,YouTube,https://www.youtube.com/watch?v=rhpJjBuIY8w,https://encrypted-tbn0.gstatic.com/images?q=tbn:ANd9GcTh5t4Y9H6eqb6xKXmZ4heyFNlJ9X1gJze87Q&s,–ü–†–û–î–û–õ–ñ–ò–¢–°–Ø –õ–ò –ß–£–î–û DRX? | GEN.G VS DRX | WORLDS SEMIFINALS 2022
187,TikTok,https://www.tiktok.com/@alsgud26/video/7448974698546875655,https://encrypted-tbn0.gstatic.com/images?q=tbn:ANd9GcQu4DiKZG_b0EkICTSY9kmQoGfOlNZ7wgptMA&s,Faker - Huy·ªÅn Tho·∫°i Game Th·ªß trong Gi·∫£i V√¥ ƒê·ªãch Th·∫ø Gi·ªõi 2024
188,TyC Sports,https://www.tycsports.com/gaming/worlds-2022-mundial-league-of-legends-t1-main-stage-fnatic-id471056.html,https://encrypted-tbn0.gstatic.com/images?q=tbn:ANd9GcTYpKEWmHEogfRb5G5EtdhWGVUw72T08sGlZA&s,Worlds 2022 | T1 gan√≥ su grupo y Fnatic qued√≥ eliminado - TyC Sports
189,TikTok,https://www.tiktok.com/@yamnagaming/video/7548214207007821086,https://encrypted-tbn0.gstatic.com/images?q=tbn:ANd9GcRGfeo3iGXEWFKw6lAoxqu42qoRPHpUPTh3hw&s,PMGC Champion: Who Reigns in PUBG Mobile?
190,Reddit,https://www.reddit.com/r/leagueoflegends/comments/1gjxe7n/everyones_reaction_for_game_5_of_blg_vs_t1/,https://encrypted-tbn0.gstatic.com/images?q=tbn:ANd9GcTuoJiiYU0zhD9XqcrykGOXStPbLxmwS8Ua1Q&s,Everyone's reaction for game 5 of BLG vs T1 : r/leagueoflegends
191,Facebook,https://www.facebook.com/photo.php?fbid=1043278511176231&id=100064822745975&set=a.465490342288387,https://encrypted-tbn0.gstatic.com/images?q=tbn:ANd9GcQfUgWTOvjqCJ2N2xT1E_jwBa6OkS29BM_2Gw&s,"Y√™u - ‚ÅâÔ∏èB·∫°n c√≥ bi·∫øt: Ngo√†i 1000 games t·∫°i LCK, T1 Faker c√≤n s·∫Øp ƒë·∫°t t·ªõi c·ªôt  m·ªëc kh√¥ng t∆∞·ªüng kh√°c trong cu·ªôc ƒë·∫•u kh√¥ng khoan nh∆∞·ª£ng v·ªõi KT v√†o t·ªëi th·ª©"
192,TikTok,https://www.tiktok.com/@disguisedggg/video/7567943238384979214,https://encrypted-tbn0.gstatic.com/images?q=tbn:ANd9GcRU0Ag_2lJXYplSQnnFyGnERHC-3VURaFrNLQ&s,League Players Explore Wavelength Strategy
193,TikTok,https://www.tiktok.com/@lcsofficial/video/7547501441045318925,https://encrypted-tbn0.gstatic.com/images?q=tbn:ANd9GcT1lUbfuPKLslYvu1GwY7rgVlbvl5pivC_fow&s,NA Dominates Europe: A Bold Challenge Ahead of Worlds
194,Game6,https://game6.vn/topic/11256/dai-bai-truoc-t1-showmaker-van-cho-rang-la-do-ban-than-tu-thua-chu-khong-phai-faker-va-dong-doi-qua-manh,https://encrypted-tbn0.gstatic.com/images?q=tbn:ANd9GcRKASkchHJirus-qKryjKzhQ_SGPHq2hMIJuQ&s,"ƒê·∫°i b·∫°i tr∆∞·ªõc T1, ShowMaker v·∫´n cho r·∫±ng l√† do b·∫£n th√¢n t·ª± thua ch·ª© kh√¥ng  ph·∫£i Faker v√† ƒë·ªìng ƒë·ªôi qu√° m·∫°nh | Game6"
195,TikTok,https://www.tiktok.com/@lcktiengviet/video/7199112191134551297,https://encrypted-tbn0.gstatic.com/images?q=tbn:ANd9GcTA3g9a8UtwuMWarRgdImwbNsyDDu0UlpGR0g&s,Zeus d·∫°y h∆∞ Faker trong game LCK
196,YouTube,https://www.youtube.com/watch?v=BOztODjL_vQ,https://encrypted-tbn0.gstatic.com/images?q=tbn:ANd9GcSkShWVnt0NrgIpSWiB2n2xXeZraRYMtLHNbQ&s,"[VIETSUB] Ph·ªèng V·∫•n T1 Faker, Gumayusi | LCK M√πa H√® 2023 [BRO vs T1]"
197,YouTube,https://www.youtube.com/watch?v=BuzysdcWecw,https://encrypted-tbn0.gstatic.com/images?q=tbn:ANd9GcTLXfzgh5h2L3nVNrTNHifpWLInwfaMer7Qqw&s,SKT T1 Wolf : Wolf VS Narakyle(Korean Streamer) Mid Ahri versus Oriana!  [Solo Queue Full] - YouTube
198,Instagram,https://www.instagram.com/reel/DLyrr8Js7mN/,https://encrypted-tbn0.gstatic.com/images?q=tbn:ANd9GcRv8ASa49fJsbv02-_2ARkSEZ_zJHbK_w3nkg&s,"T1 FAKER: ""Nuestro trabajo se ha vuelto muy solido (...) por lo que para  enfrentar a GENG ser√° principalmente preparar y mejorar nuestra performance  individual."" #fyp #msi2025 #leagueoflegends #T1 #T1Faker #faker #T1Fighting"
199,TikTok,https://www.tiktok.com/@king12diaz/video/7518550199640280350,https://encrypted-tbn0.gstatic.com/images?q=tbn:ANd9GcTR2i3eEmG4DEQaroPyKb9IllZur1o11wiMAQ&s,Rematch Has One Massive Problem. #playrematch #rematch #rematchgame  #rematchgameplay #rematchgameplay
200,YouTube,https://www.youtube.com/watch?v=G5cysgnnJe4,https://encrypted-tbn0.gstatic.com/images?q=tbn:ANd9GcS3gqghNZGbxU2D_tUWZwbScIGmfEVU1smifw&s,ƒê∆Ø·ªúNG GI·ªÆA LCK QUA 1 TH·∫¨P K·ª∂ | FAKER V√Ä PH·∫¶N C√íN L·∫†I
201,YouTube,https://www.youtube.com/watch?v=SmHOSEFtjgg,https://serpapi.com/searches/691886f1560433e81cfebaea/images/ca2635281232e418f04fce5b302502dd586d79371f692231b5aae34f16df51c1.jpeg,Ep. 94 T1 goes to Singapore!! Do you... know Faker? [T1 CAMERA]
202,Facebook,https://www.facebook.com/t1faker.unofficial/,https://serpapi.com/searches/691886f1560433e81cfebaea/images/ca2635281232e4188c14459b46f365e9b6c84964562c20d0a5054beb717492c4.jpeg,Faker Fans
203,TikTok,https://www.tiktok.com/@macksk/video/7437213894751309111,https://serpapi.com/searches/691886f1560433e81cfebaea/images/ca2635281232e418fcd55712a9297c8dfdc001f108ee3ccd3508362e4d293a56.jpeg,El legado de Faker en T1 y League of Legends
204,TikTok,https://www.tiktok.com/@lsh.nhq/video/7520226925135006984,https://serpapi.com/searches/691886f1560433e81cfebaea/images/ca2635281232e4184284679964097e70ded08ba4e6cbf104a0be0414e195f140.jpeg,G·∫∑p G·ª° Oner - Ch·ªß Nh√¢n C·ªßa Rift Trong League Of Legends
205,Facebook,https://www.facebook.com/OneSportsPHL/posts/the-goat-is-here-to-stay-%EF%B8%8Fhall-of-legends-inductee-lee-sang-hyeok-popularly-know/1331264755029763/,https://serpapi.com/searches/691886f1560433e81cfebaea/images/ca2635281232e418d8da46a27816092adb77436d1b0948f9435996f5d29731db.jpeg,"THE G.O.A.T IS HERE TO STAY üïπÔ∏è Hall of Legends inductee Lee Sang-hyeok,  popularly known as Faker, has extended his contract with esports team T1  for another four years. #LeagueOfLegends"
206,TikTok,https://www.tiktok.com/discover/league-faker-is-calling,https://serpapi.com/searches/691886f1560433e81cfebaea/images/ca2635281232e418c83e085ebb66b3ee624a31353fee10a3c1cf932865ddbb64.jpeg,League Faker Is Calling | TikTok
207,TikTok,https://www.tiktok.com/@renaluvt1/video/7546304817845587207,https://serpapi.com/searches/691886f1560433e81cfebaea/images/ca2635281232e418e077095b1189b6780ecc1e18797ac2e6f051f8d7d16fb9f1.jpeg,T√¨nh B·∫°n ƒê√°ng Y√™u Gi·ªØa Faker v√† Peanut
208,TikTok,https://www.tiktok.com/@baelinx/video/7565480893356199189,https://serpapi.com/searches/691886f1560433e81cfebaea/images/ca2635281232e41889421a971bebf5b1bb7ccc0830ae76f41604b8913c138d6c.jpeg,"em co tram lan, chang bang ai do 1 phan... #faker #t1 #lol | TikTok"
209,Instagram,https://www.instagram.com/reel/Cz83cxzrooy/,https://serpapi.com/searches/691886f1560433e81cfebaea/images/ca2635281232e418699a9962c42098f962ce9bccd27de510d72247fdfa668c7d.jpeg,Faker is relentless üò§ #worlds2023
210,Esports.gg,https://esports.gg/news/league-of-legends/razer-faker-event-singapore/,https://serpapi.com/searches/691886f1560433e81cfebaea/images/ca2635281232e418d7f995bcef53718f908fef67c38bad695e711f348ca3f689.jpeg,Razer gives fans a chance to meet Faker in person | esports.gg
211,YouTube,https://www.youtube.com/watch?v=Y-8eRrpeGHU,https://serpapi.com/searches/691886f1560433e81cfebaea/images/ca2635281232e4188c14459b46f365e9a0ada24ee578eb55771172d20b6cb6e9.jpeg,Can Faker Finally Win It All Again? - YouTube
212,Instagram,https://www.instagram.com/reel/DQNWW38jeKo/,https://serpapi.com/searches/691886f1560433e81cfebaea/images/ca2635281232e4188c14459b46f365e92db6799cb80519012401eb7a60535f99.jpeg,FAKER se RETIRA del COMPETITIVO de LEAGUE OF LEGENDARY y el ESPORT se acaba  #esports #gaming #reels #league_of_legends
213,Facebook,https://www.facebook.com/Play.esportsVN/photos/lr-rekkles-b%C3%ACnh-b%E1%BA%A7u-%C4%91%E1%BB%99i-h%C3%ACnh-trong-m%C6%A1-t%E1%BA%A1i-worlds2025hle-zeus-t1-oner-t1-faker-t1/1279384034232343/,https://serpapi.com/searches/691886f1560433e81cfebaea/images/ca2635281232e4188c14459b46f365e9179a9ac9f0fb5457c52726a122980a70.jpeg,Y√™u - üëåLR Rekkles b√¨nh b·∫ßu ‚Äúƒê·ªôi H√¨nh Trong M∆°‚Äù t·∫°i #Worlds2025: HLE Zeus  üá∞üá∑ T1 Oner üá∞üá∑ T1 Faker üá∞üá∑ T1 Gumayusi üá∞üá∑ T1 Keria üá∞üá∑ | Facebook
214,TikTok,https://www.tiktok.com/discover/faker-cute,https://serpapi.com/searches/691886f1560433e81cfebaea/images/ca2635281232e4188c14459b46f365e902d80625f849f2f48dbe7b3001070231.jpeg,Faker Cute | TikTok
215,Dexerto,https://www.dexerto.com/league-of-legends/t1-head-coach-confirms-faker-will-be-playing-again-soon-2230052/,https://serpapi.com/searches/691886f1560433e81cfebaea/images/ca2635281232e4188c14459b46f365e9131db3d045d845a114c6928c1c9f7595.jpeg,T1 head coach confirms Faker will be playing again before playoffs - Dexerto
217,Instagram,https://www.instagram.com/p/DQ2p7mHDKDj/,https://serpapi.com/searches/691886f1560433e81cfebaea/images/ca2635281232e4188c14459b46f365e987ba584bc40b3886af8e9b59dde02313.jpeg,Meme atualizado ü§£ü§£ü§£ #leagueoflegends #cblol #lolmemes #lolbr #reels #t1 # faker
218,TikTok,https://www.tiktok.com/@haseo99/video/7558856966836178194,https://serpapi.com/searches/691886f1560433e81cfebaea/images/ca2635281232e4188c14459b46f365e995d6770379c93a6a5ae91eab5d6a7896.jpeg,Faker v√† h√†nh tr√¨nh tr·ªü th√†nh ng∆∞·ªùi gi·ªèi nh·∫•t | TikTok
219,Mein-MMO,"https://mein-mmo.de/en/lol-world-champion-faker-loses-the-first-match-at-worlds-against-a-chinese-top-team,1182677/",https://serpapi.com/searches/691886f1560433e81cfebaea/images/ca2635281232e4188c14459b46f365e9b58321ccd71fa7e03bfb6293851b2b59.jpeg,LoL: World Champion Faker loses the first match at Worlds - Against a  Chinese top team
220,Inven Global,https://www.invenglobal.com/articles/10386/t1-faker-i-believe-that-im-currently-the-best-in-the-lck,https://serpapi.com/searches/691886f1560433e81cfebaea/images/ca2635281232e4188c14459b46f365e9801b3137528ad167a5f039ab2022913e.jpeg,"T1 Faker: ""I believe that I'm currently the best in the LCK."" - Inven Global"
221,Facebook,https://www.facebook.com/T1LoL/posts/a-message-from-roach/1096510351882786/,https://serpapi.com/searches/691886f1560433e81cfebaea/images/ca2635281232e418fcd55712a9297c8df44bcb3b76848a9eaa4413e4cfb467ef.jpeg,A message from 'Roach.' | T1 League of Legends / T1 Î¶¨Í∑∏Ïò§Î∏åÎ†àÏ†ÑÎìú | Facebook
222,TikTok,https://www.tiktok.com/discover/chinese-faker,https://serpapi.com/searches/691886f1560433e81cfebaea/images/ca2635281232e418fcd55712a9297c8d5a7ab39ef660a6ac9b5144e388ce564d.jpeg,Chinese Faker | TikTok
223,ONE Esports,https://www.oneesports.gg/league-of-legends/t1-worlds-2024-champion/,https://serpapi.com/searches/691886f1560433e81cfebaea/images/ca2635281232e418fcd55712a9297c8dd3ceb0a10cb0e0a1564c4abb3ffd6531.jpeg,Faker makes history with his 5th title! T1 are your back-to-back Worlds  2024 champion | ONE Esports
224,GGBoost,https://ggboost.com/blog/post/lol-faker-injury,https://serpapi.com/searches/691886f1560433e81cfebaea/images/ca2635281232e418fcd55712a9297c8df92a05c0426354bb92888d9ac1740ecc.jpeg,The end of T1? Faker's injury and more! - GGBoost Blog
225,YouTube,https://www.youtube.com/watch?v=7qff8KKEt3Y,https://serpapi.com/searches/691886f1560433e81cfebaea/images/ca2635281232e418fcd55712a9297c8d4fd88af32558693370b564ad768fbe4d.jpeg,IBAI CASTEA FAKER vs CAPS EN LA MEJOR SERIE DEL A√ëO!üò± - G2 vs T1 Game 1  WORLDS SWISS STAGE 2024 IBAI - YouTube
226,Facebook,https://www.facebook.com/Play.esportsVN/posts/l%C3%BD-do-t%E1%BA%A1i-sao-b%E1%BA%A1n-v%C3%A0-t1-faker-l%E1%BA%A1i-h%E1%BB%A3p-nhau-nh%C6%B0-v%E1%BA%ADy%EF%B8%8Ft1-doran-sau-khi-ch%C6%A1i-game-c%C3%B9/1052257196945029/,https://serpapi.com/searches/691886f1560433e81cfebaea/images/ca2635281232e418fcd55712a9297c8d88a4e80624c682bdfff9f3b44a53c1e8.jpeg,"‚ùìL√Ω do t·∫°i sao b·∫°n v√† T1 Faker l·∫°i h·ª£p nhau nh∆∞ v·∫≠y? üó£Ô∏èT1 Doran: ""Sau khi  ch∆°i game c√πng Faker, t√¥i nh·∫≠n th·∫•y anh ·∫•y kh√° t√°o b·∫°o v√† c√≥ nh·ªØng"
227,ONE Esports,https://www.oneesports.gg/league-of-legends/t1-faker-thumbs-down-worlds/,https://serpapi.com/searches/691886f1560433e81cfebaea/images/ca2635281232e418fcd55712a9297c8d9ff7bc6f83246f86daaa03ea213e32e5.jpeg,T1 Faker explains why he didn't want to do thumbs down pose | ONE Esports
228,Facebook,https://www.facebook.com/61553273175747/posts/%C3%AA-%C4%91m-nh%E1%BB%8F-mascot-ati-c%E1%BB%A7a-t1-%C4%91%C3%A1ng-y%C3%AAu-qu%C3%A1-nh%E1%BB%8F-l%C3%A0-ph%C6%B0%E1%BB%A3ng-ho%C3%A0ng-h%E1%BB%9F-ph%C6%B0%E1%BB%A3ng-ho%C3%A0ng-h%E1%BB%93i-/122202573836109105/,https://serpapi.com/searches/691886f1560433e81cfebaea/images/ca2635281232e418fcd55712a9297c8db95c15e6edca239be2147304a03df987.jpeg,√ä ƒëm nh·ªè Mascot Ati c·ªßa T1 ƒë√°ng y√™u qu√° üò≠üò≠üò≠ Nh·ªè l√† ph∆∞·ª£ng ho√†ng h·ªü ???  Ph∆∞·ª£ng ho√†ng h·ªìi sinh t·ª´ ƒë·ªëng tro t√†n ???üò≠üò≠üò≠
229,YouTube,https://www.youtube.com/watch?v=qwlOrXxIQuA,https://serpapi.com/searches/691886f1560433e81cfebaea/images/ca2635281232e418fcd55712a9297c8d793bf2ba9231f3f3802ff96bafdf6e09.jpeg,FAKER GO BRRRR. Can he conquer Worlds 2021? | The Outplay By Play
230,YouTube,https://www.youtube.com/watch?v=zss0f3pHd3M,https://serpapi.com/searches/691886f1560433e81cfebaea/images/ca2635281232e418fcd55712a9297c8d3f4e112d3dbaee7ba2125bf62c51ff4c.jpeg,FAKER AND T1 WIN THEIR FIRST INTERNATIONAL GAME 5 SINCE 2017!!!
231,Facebook,https://www.facebook.com/T1LoL/posts/fakers-lck-1000th-game-celebration%ED%95%A8%EA%BB%98-%EC%B6%95%ED%95%98%ED%95%B4-%EC%A3%BC%EC%8B%A0-%ED%8C%AC-%EC%97%AC%EB%9F%AC%EB%B6%84-%EA%B0%90%EC%82%AC%ED%95%A9%EB%8B%88%EB%8B%A4big-thanks-to-all-the-fan/1199748231558997/,https://serpapi.com/searches/691886f1560433e81cfebaea/images/ca2635281232e4184284679964097e70a2f91290d3860ca9eaae69ae73ea2718.jpeg,"üåπFaker's LCK 1,000th Game celebrationüåπ Ìï®Íªò Ï∂ïÌïòÌï¥ Ï£ºÏã† Ìå¨ Ïó¨Îü¨Î∂Ñ, Í∞êÏÇ¨Ìï©ÎãàÎã§!üëç Big  thanks to all the fans who joined in today's celebration!üëç #TogetherAs1"
232,Facebook,https://www.facebook.com/Play.esportsVN/posts/ch%C3%ADnh-th%E1%BB%A9c-sktt1-faker-thua-hai-games-%C4%91%E1%BA%A5u-%E1%BB%9F-v%C3%B2ng-ngo%C3%A0i-cktg-kh%C3%B4ng-t%C3%ADnh-knockouts/1263759159128164/,https://serpapi.com/searches/691886f1560433e81cfebaea/images/ca2635281232e4184284679964097e70c65e4ecc976dac14d3c70e7abd7b8216.jpeg,üö®Ch√≠nh th·ª©c: SKT/T1 Faker thua hai games ƒë·∫•u ·ªû V√íNG NGO√ÄI CKTG (kh√¥ng t√≠nh  Knockouts) l·∫ßn ƒë·∫ßu ti√™n trong s·ª± nghi·ªáp tuy·ªÉn th·ªß - l·∫ßn th·ª© 10 d·ª± gi·∫£i -  ƒë·∫°i k√¨nh
233,phunuso.baophunuthudo.vn,https://phunuso.baophunuthudo.vn/trong-thoi-khac-kho-khan-nghi-van-t1-vo-tinh-duoc-dai-kinh-dich-ra-tay-giup-do-193241122104045275.htm,https://serpapi.com/searches/691886f1560433e81cfebaea/images/ca2635281232e4184284679964097e7062c8e753d64997a3e39ec7de060d7905.jpeg,"L√∫c kh√≥ khƒÉn b·∫≠c nh·∫•t, T1 l·∫°i ƒë∆∞·ª£c ""ƒë·∫°i k√¨nh ƒë·ªãch"" ra tay gi√∫p ƒë·ª°"
234,TikTok,https://www.tiktok.com/@salt_303/video/7515767724589567239,https://serpapi.com/searches/691886f1560433e81cfebaea/images/ca2635281232e4184284679964097e708a35c2e2765541453115dd5027807d04.jpeg,Doran ƒê·∫°t POM Trong Tr·∫≠n ƒê·∫•u T1 Vs KT
235,KbizoOm,https://kbizoom.com/faker-red-velvet-joy-reaction/,https://serpapi.com/searches/691886f1560433e81cfebaea/images/ca2635281232e4184284679964097e7090813ab7b35909137aef4bcca565a594.jpeg,The Rare Beauty Who Left Faker Speechless: The Star Stuns Esports Legend -  KbizoOm
236,YouTube,https://www.youtube.com/watch?v=00X0LOT1K9o,https://serpapi.com/searches/691886f1560433e81cfebaea/images/ca2635281232e4184284679964097e70e73a240698726a2781776c2b9b4fb7c1.jpeg,Faker Did It
237,Facebook,https://www.facebook.com/groups/lolonlyfans/posts/2045977682560700/,https://encrypted-tbn0.gstatic.com/images?q=tbn:ANd9GcSCadIxfgCGx9lEIi2nG_51WFo5cRMOSpyg9Q&s,The Colossal Faith: All Hail Faker's Galio
238,TikTok,https://www.tiktok.com/@lamnga__17/video/7546125273704467719,https://encrypted-tbn0.gstatic.com/images?q=tbn:ANd9GcRoRzK4asaLQ3hYaml6Psw9QmYydHaKtMCSog&s,"Th√†nh t√≠ch "" Vƒ© ƒê·∫°i "" b·∫≠t nh·∫•t l·ªãch s·ª≠ li√™n minh huy·ªÅn tho·∫°i SKIN CKTG Lee  "" Faker "" Sang Hyeok #faker #sktt1 #goat #lamnga__17 #12traibap_22"
239,TikTok,https://www.tiktok.com/discover/faker-yo-soy-el-league-of-legends,https://encrypted-tbn0.gstatic.com/images?q=tbn:ANd9GcQ3RY6uCXLxMA30H2tOzhRwl_dHUexUgKq3wA&s,Faker Yo Soy El League of Legends | TikTok
241,Vietgiaitri.com,https://vietgiaitri.com/t1-cua-faker-va-nhung-chuoi-bat-bai-an-tuong-nhat-lich-su-lpl-lck-20220305i6340899/,https://encrypted-tbn0.gstatic.com/images?q=tbn:ANd9GcT1UrwMyZndkjsLirmafFIUXOz-CihRLa0C5g&s,"T1 c·ªßa Faker v√† nh·ªØng chu·ªói b·∫•t b·∫°i ·∫•n t∆∞·ª£ng nh·∫•t l·ªãch s·ª≠ LPL, LCK - eSport  - Vi·ªát Gi·∫£i Tr√≠"
242,TikTok,https://www.tiktok.com/@seniikplay/video/7570248227820178699,https://encrypted-tbn0.gstatic.com/images?q=tbn:ANd9GcTkq0l_hfzos-QKdAxIrkLLKCyzNyOaiSRREA&s,T1 vs KT üî• Final del Worlds 2025. #Worlds2025 #LeagueOfLegends #Fak... |  TikTok
243,YouTube,https://www.youtube.com/watch?v=VOcAgONZWgI,https://encrypted-tbn0.gstatic.com/images?q=tbn:ANd9GcRKqnIFtmwrOT8EuGwre3Gl6nksil6rrOhmRA&s,‰ø°„Åö„ÇãËÄÖ„Å®Á•û | GEN vs T1 | Worlds 2024 - YouTube
244,2Game,https://2game.vn/tag/t1-faker,https://encrypted-tbn0.gstatic.com/images?q=tbn:ANd9GcRAZoeciw8mOV8raI7qmR3VVEM3HvPGx1GNgA&s,T1 Faker
245,TikTok,https://www.tiktok.com/discover/%C4%91%E1%BB%8Ba-ch%E1%BB%89-tr%E1%BB%A5-s%E1%BB%9F-t1,https://encrypted-tbn0.gstatic.com/images?q=tbn:ANd9GcQQVRmiQGjEh39AALLYL3ATVQvgAxYry5cbQA&s,ƒê·ªãa Ch·ªâ Tr·ª• S·ªü T1 | TikTok
247,Facebook,https://www.facebook.com/OneSportsPHL/posts/six-time-world-champion-in-a-post-game-interview-faker-credited-kt-rolster-for-p/1420814212741483/,https://encrypted-tbn0.gstatic.com/images?q=tbn:ANd9GcR0toQ8weu8foGjdTrPwLX7CTQZVUJX20BMQw&s,"SIX-TIME WORLD CHAMPION üêê In a post-game interview, Faker credited KT  Rolster for putting up a great performance during T1's successful  championship run in the League of Legends World Championship. #Worlds2025  #LeagueofLegends"
248,Facebook,https://www.facebook.com/JuanTutri113/posts/faker-is-set-to-play-his-1000th-lck-game-im-still-skeptical-about-these-stats-by/641937558176492/,https://encrypted-tbn0.gstatic.com/images?q=tbn:ANd9GcQyyWUILvgVEh-HUmWJOth8Gs_jKuxE96QYQw&s,FAKER IS SET TO PLAY HIS 1000TH LCK GAME! I'm still skeptical about these  stats by Faker but here you go. These figures cannot be real. IMPORTANT  NOTE: LCK Cup 2025 games
249,YouTube,https://www.youtube.com/watch?v=ZkKdVXYbJ_g,https://encrypted-tbn0.gstatic.com/images?q=tbn:ANd9GcSjihGv667eZLmObjUAewYzT7eS5-1m2eBqmQ&s,Which foul language does Faker use?![Full Stream] - YouTube
250,YouTube,https://www.youtube.com/watch?v=Dg-6ZyoEGYE,https://encrypted-tbn0.gstatic.com/images?q=tbn:ANd9GcR9I5Ox0h_PD4L3pwZH2lWysPfkPItZwpK_Vw&s,Korea's hope for Worlds... SKT T1 - YouTube
251,YouTube,https://www.youtube.com/watch?v=J-0P1I29naQ,https://encrypted-tbn0.gstatic.com/images?q=tbn:ANd9GcT99rq0Wn1n_8LMhI_WTekFoLgty3rzp8Sh8Q&s,Will T1 Do The Impossible ?
252,YouTube,https://www.youtube.com/watch?v=8YgxPYHZ5so,https://encrypted-tbn0.gstatic.com/images?q=tbn:ANd9GcTr9DNKbcZgv2RJQRMmq8l-j_hBVqBd3FWhSQ&s,The Most ICONIC Plays From EVERY Year of Faker's Career - YouTube
253,Lag.vn,https://lag.vn/tin/esports/t1-va-faker-gay-tranh-cai-ngay-sau-khi-dat-giai-thuong-tai-the-game-awards-2024.html,https://encrypted-tbn0.gstatic.com/images?q=tbn:ANd9GcQ8ZbGCLQ7V90aSV3TV7A32yLX5yp4Un3jRlg&s,T1 v√† Faker g√¢y tranh c√£i ngay sau khi ƒë·∫°t gi·∫£i th∆∞·ªüng t·∫°i The Game Awards  2024
254,YouTube,https://www.youtube.com/watch?v=7JbzUw4FC_M,https://encrypted-tbn0.gstatic.com/images?q=tbn:ANd9GcRxAQ7xlRR5We_Xw1bMFJOoW3QzqgKx5KVobA&s,„ÄêLIVE„Äëüî¥ ‡∏ß‡∏¥‡πÄ‡∏Ñ‡∏£‡∏≤‡∏∞‡∏´‡πå World ‡∏£‡∏≠‡∏ö‡∏ä‡∏¥‡∏á‡πÅ‡∏ö‡∏ö‡∏•‡∏∞‡πÄ‡∏≠‡∏µ‡∏¢‡∏î‡∏¢‡∏¥‡∏ö ! (‡∏ï‡πà‡∏≠) ‡πÄ‡∏Å‡∏° 4-5 Faker ‡πÇ‡∏Ñ‡∏ï‡∏£‡πÅ‡∏ö‡∏Å  | League of Legends
255,YouTube,https://www.youtube.com/watch?v=z_u7-GfIB7g,https://encrypted-tbn0.gstatic.com/images?q=tbn:ANd9GcQo0QRvpACReXw1BqX1dtGQteEqCL_zNum3dA&s,VIETSUB] Ph·ªèng V·∫•n T1 Faker [NS vs T1] | LCK M√πa H√® 2022 - YouTube
256,TikTok,https://www.tiktok.com/@pzyuftq/video/7522852025143430418,https://encrypted-tbn0.gstatic.com/images?q=tbn:ANd9GcSqIA1KHVWlyqVaFRY6QDZXTOluVoMU2h5y5A&s,Kh√°m Ph√° Lan Ng·∫°n X∆∞a v√† Nay Trong LMHT | TikTok
257,TikTok,https://www.tiktok.com/discover/t1-%EB%9D%BC%EC%9D%B4%EB%B8%8C-%EB%B3%B4%EB%8A%94%EB%B2%95,https://encrypted-tbn0.gstatic.com/images?q=tbn:ANd9GcSo3n4enSjQzImhTcI50jC6C3p6jEUkqvcS5g&s,T1 ÎùºÏù¥Î∏å Î≥¥ÎäîÎ≤ï | TikTok
258,YouTube,https://www.youtube.com/watch?v=PrcIPaXBj4M,https://encrypted-tbn0.gstatic.com/images?q=tbn:ANd9GcQgjt17UsUhCVEjcLD8a6KGuCtkPASxdFcN1Q&s,T1 Guma Keria being the Best Botlane in the World for 8mins straight
259,YouTube,https://www.youtube.com/watch?v=RbeRSXi3ocw,https://encrypted-tbn0.gstatic.com/images?q=tbn:ANd9GcRgQN4MeQsbON6wgyZZFId5uidlJQYCC1Rrhw&s,FAKER VS KNIGHT I NEW DYNASTY SAME EMPIRE I Worlds 2024 GRAND FINALS T1 BLG  REACTION
260,YouTube,https://www.youtube.com/watch?v=EAVVHxO-gRY,https://encrypted-tbn0.gstatic.com/images?q=tbn:ANd9GcSiUo1c9LLZ6mQmaw5Qv28in2C0O2xBERv7yA&s,[Ho√†ng Lu√¢n x ƒê·ª©c M·∫°nh] GEN.G vs T1 | FULL HIGHLIGHT | LCK 2025 | Day 25/07
261,YouTube,https://www.youtube.com/watch?v=SHZTmAMMTns,https://encrypted-tbn0.gstatic.com/images?q=tbn:ANd9GcQJ-eQe04pi8UhhoqV6GojfJXi5MtXKUmXCsA&s,(Talkshow) Ng·ª´ng lan truy·ªÅn h√¨nh ·∫£nh ti√™u c·ª±c c·ªßa Faker! - Kh√°c bi·ªát l·ªõn  nh·∫•t n·∫±m ·ªü ƒê∆∞·ªùng gi·ªØa
262,Facebook,https://m.facebook.com/Play.esportsVN/photos/fan-b%E1%BA%AFt-g%E1%BA%B7p-t1-faker-%C4%91%C3%A3-%C4%91%E1%BA%B7t-ch%C3%A2n-%C4%91%E1%BA%BFn-s%C3%A2n-bay-qu%E1%BB%91c-t%E1%BA%BF-%E1%BB%9F-riyadh-s%C3%A1ng-nay-157ewc202/1181334407370640/,https://encrypted-tbn0.gstatic.com/images?q=tbn:ANd9GcSYHtQROnca_0QL71Mke9Qgh7g3QKprhRkk9g&s,"Y√™u - üì∏Fan b·∫Øt g·∫∑p T1 Faker ƒë√£ ƒë·∫∑t ch√¢n ƒë·∫øn s√¢n bay qu·ªëc t·∫ø ·ªü Riyadh, üá∏üá¶  s√°ng nay (15/7) #EWC2025 | Facebook"
263,TikTok,https://www.tiktok.com/@nammm2611/video/7425619391561207061,https://encrypted-tbn0.gstatic.com/images?q=tbn:ANd9GcTBcLnaTaafQ9kPDvDkNQO3ej6ojdcrf8Z9ZQ&s,Kh·ªüi ƒê·∫ßu C·ªßa Huy·ªÅn Tho·∫°i Faker #faker #t1win #t1 #gamingontiktok #gaming  #lol #lmht #leagueoflegends #cktglol #lmht_highlight #lck #fyp #xh #fyp„Ç∑
265,Instagram,https://www.instagram.com/p/ClgJARUKeo4/,https://encrypted-tbn0.gstatic.com/images?q=tbn:ANd9GcRuANyC5TFYL8Jc_W9G0_WSjgck-W6lCfmHtA&s,T1 FAKER. 3Ô∏è‚É£ MORE YEARS. _ #faker #t1 #esports #leagueoflegends
266,Facebook,https://www.facebook.com/lolesports/videos/faker-merci/859944536251478/,https://encrypted-tbn0.gstatic.com/images?q=tbn:ANd9GcSD1zu5csYdtUZxTaNXSQ6WRASeLNCceulncA&s,"Faker: ""Merci"" Crowd: üîäüîäüîä | LOL Esports | Facebook"
267,Instagram,https://www.instagram.com/p/DQePUUIkfh_/,https://encrypted-tbn0.gstatic.com/images?q=tbn:ANd9GcRkFogbltmV_N211K1pHFm5mBt2ekA9ZDB0jA&s,a gente sabe de onde o Faker tirou essa Mel no jogo 5 #leagueoflegends  #lolmemes #leagueoflegendsmemes #t1 #paingaming #faker
268,Facebook,https://www.facebook.com/lolesportsvn/posts/m%C3%A0n-th%E1%BB%83-hi%E1%BB%87n-th%C6%B0%E1%BB%A3ng-h%E1%BA%A1ng-c%E1%BB%A7a-hai-%C4%91%C6%B0%E1%BB%9Dng-gi%E1%BB%AFa-trong-hai-tr%E1%BA%ADn-b%C3%A1n-k%E1%BA%BFt-%C4%91%C3%A3-ch%E1%BB%A9ng-minh/810746195196039/,https://encrypted-tbn0.gstatic.com/images?q=tbn:ANd9GcR8hUKJg7kBTnRDVhu3jJdFGnAnwM4dcLMfvw&s,"M√†n th·ªÉ hi·ªán th∆∞·ª£ng h·∫°ng c·ªßa hai ƒê∆∞·ªùng Gi·ªØa trong hai tr·∫≠n B√°n K·∫øt ƒë√£ ch·ª©ng  minh cho phong ƒë·ªô ·∫•n t∆∞·ª£ng, x·ª©ng ƒë√°ng l√† c·ªôt s·ªëng v·ªØng ch·∫Øc c·ªßa KT v√†"
269,TikTok,https://www.tiktok.com/@noway4u/video/7450596673916505376,https://encrypted-tbn0.gstatic.com/images?q=tbn:ANd9GcRAkzj5GuZiwhDAwyIrHuHJiDpw4RS39MDR0A&s,Faker Speaking English in League of Legends
270,GameK,https://gamek.vn/can-canh-hinh-anh-canh-tay-chan-thuong-cua-faker-fan-nhin-khong-khoi-xot-xa-178241119114320923.chn,https://encrypted-tbn0.gstatic.com/images?q=tbn:ANd9GcQ-nAG6-e1ukjUvCKg3-t0AqixKEPWmbKDK1g&s,"C·∫≠n c·∫£nh h√¨nh ·∫£nh c√°nh tay ch·∫•n th∆∞∆°ng c·ªßa Faker, fan nh√¨n kh√¥ng kh·ªèi x√≥t xa"
271,YouTube,https://www.youtube.com/watch?v=B-FlKvIUw40,https://encrypted-tbn0.gstatic.com/images?q=tbn:ANd9GcSDf_SktBEyk3K2FQ5c7hzNihnhyMQANHt0FQ&s,Tarik Reacts To FAKER Re-Signing With T1 For 4 More Years (AND MORE)
272,YouTube,https://www.youtube.com/watch?v=Q7Y_oSLC9-I,https://encrypted-tbn0.gstatic.com/images?q=tbn:ANd9GcTjB7J-ivm-STCT_2bdzUqJVAubqkGI7QkI2g&s,Faker Denied Gumayusi High Five After 2-0 Victory Against BRO - YouTube
273,Instagram,https://www.instagram.com/reel/DPwFR9XEtzJ/,https://encrypted-tbn0.gstatic.com/images?q=tbn:ANd9GcTwh4HOiXURYBQph2jlOd0kQwlqb30fGkvgQQ&s,Pro Player's Heartfelt Message for Faker: Let's Do It Again
274,YouTube,https://www.youtube.com/watch?v=3v-JtENU-Js,https://encrypted-tbn0.gstatic.com/images?q=tbn:ANd9GcTwOwJ2blQGq2TqwFRPV0MXmBf_xMgQapcxKQ&s,HLE vs T1 FakerÊêñÊì∫BPÊãøÂá∫Âá±ÁâπÁê≥ÔºÅÈüìËèØ‰∏≠ÈáéÂº∑Âã¢ÁôºÊèÆÈä≥Ê∞£‰∏çÊ∏õÔºÅGame 1 | 2024 LCKÂ§èÂ≠£Â≠£ÂæåË≥Ω
275,YouTube,https://www.youtube.com/watch?v=Jfzqg6xKSIw,https://encrypted-tbn0.gstatic.com/images?q=tbn:ANd9GcSzBV0nZEIl9TUTXLYe9WCxzQ3JV50Pw0ityg&s,T1 FAKER: The GOD At Coming Back - YouTube
276,YouTube,https://www.youtube.com/watch?v=EaCZb4h2aUI,https://encrypted-tbn0.gstatic.com/images?q=tbn:ANd9GcRu_RIxEvn4yKbmpsNFqamHwET1lrCoeufVAg&s,Doran prepares gift for Faker Senpai! (The Waffle Incident) - YouTube
277,YouTube,https://www.youtube.com/watch?v=Xy9p7I8hlFM,https://encrypted-tbn0.gstatic.com/images?q=tbn:ANd9GcRcg5vr--mM0bnE7ocU_enaxiTy5-Ddg-x1Pg&s,FAKER SE ENFRENTA A CHOVY EN LA LCK! *DUELO √âPICO* | T1 vs GEN Resumen  Completo LCK Summer 2024 W1D5
278,TikTok,https://www.tiktok.com/@baejimin96/video/7519100080150891796,https://encrypted-tbn0.gstatic.com/images?q=tbn:ANd9GcR8rAlVbl9R-1ECvAKrg577YXN4q0kTkmflzw&s,Gi·ªù ti·∫øng Anh th√∫ v·ªã c·ªßa Hai trong LOL
279,YouTube,https://www.youtube.com/watch?v=Rw_xvGoHy6Q,https://encrypted-tbn0.gstatic.com/images?q=tbn:ANd9GcToBQVumrBJ4ag66DmDmLx9o4axfz5QZCIqvA&s,¬øT1 o DK FUERA de WORLDS? ¬°TODO o NADA para FAKER y SHOWMAKER! | T1 vs DK |  LCK 2025 PLAYOFFS
280,GameK,https://gamek.vn/faker-tiet-lo-ly-do-thuc-su-sau-quyet-dinh-o-lai-t1-178221209021327561.chn,https://encrypted-tbn0.gstatic.com/images?q=tbn:ANd9GcTA8MTw21ei67tKnuxlx_okdH9-I6B0gesFRg&s,Faker ti·∫øt l·ªô l√Ω do th·ª±c s·ª± sau quy·∫øt ƒë·ªãnh ·ªü l·∫°i T1
281,YouTube,https://www.youtube.com/watch?v=67P5dCVxNMg,https://encrypted-tbn0.gstatic.com/images?q=tbn:ANd9GcRvDgopiK6xeOgU-IVtWnEII2yYv-a7kJhrAw&s,DER GAMEDECIDING GROMP! | GAME 2 - DK vs T1 | LCK REGIONAL QUALIFIERS 24
283,YouTube,https://www.youtube.com/watch?v=4A5Y4ssj0TI,https://encrypted-tbn0.gstatic.com/images?q=tbn:ANd9GcSUM3bDNA45MgAI8XVyAZgSYSwNYuHrdPzUVg&s,"Update LMHT: Fan tranh c√£i tr√†o l∆∞u ƒë·∫∑t t√™n ZOFGK, B√≠ quy·∫øt Faker l√™n ƒë·ªânh  11 nƒÉm, X√≥a s·ªï k√™nh LPL"
285,YouTube,https://www.youtube.com/watch?v=8z9lzbvnzY0,https://encrypted-tbn0.gstatic.com/images?q=tbn:ANd9GcQG4OUKaLaFvlUnimRMrBz1-Zj03IxaDUtq4Q&s,Gumayusi Montage | Legends in Action
287,YouTube,https://www.youtube.com/watch?v=WXZTDZPCiQg,https://encrypted-tbn0.gstatic.com/images?q=tbn:ANd9GcTr_sSv74ThkNNXf7WNmk8aIygFEkBJDAHq5A&s,"Update LMHT: Faker tuy√™n b·ªë ""b·ªçn tr·∫ª ng√†y nay ch·∫£ bi·∫øt g√¨"", Doran h√© l·ªô  kho·∫£nh kh·∫Øc tuy·ªát v·ªùi ·ªü T1"
288,YouTube,https://www.youtube.com/watch?v=ERi-ghUliIo,https://encrypted-tbn0.gstatic.com/images?q=tbn:ANd9GcSzrtXJ9uOJIkdQ3LorycB4uSFHihUGFmiT1A&s,T1Ïùò ÏôïÏ°∞Î•º Ïû¨Í±¥ÌïòÍ∏∞ ÏúÑÌïú ÏÇ¨ÎûåÎì§ | T1 THE TROPHY ROOM EP.1
289,TikTok,https://www.tiktok.com/discover/cuanto-gano-faker-en-lol,https://encrypted-tbn0.gstatic.com/images?q=tbn:ANd9GcTKi8tvshwR3UOcOnBO6dZ3mekf3J-EgvGhdQ&s,Cuanto Gano Faker En Lol | TikTok
290,YouTube,https://www.youtube.com/watch?v=eDKcrTBSEWQ,https://encrypted-tbn0.gstatic.com/images?q=tbn:ANd9GcS02Vv8a4pdIN_-KwwBwsO5qeJ6zeUGDI878w&s,We Conquered Our Demons! | EWC 2025 Vlog #3 - YouTube
291,YouTube,https://www.youtube.com/watch?v=RRoKOIzZXLQ,https://encrypted-tbn0.gstatic.com/images?q=tbn:ANd9GcS6O2P580jDwwDIpEfvXmpTTeWPaI4onr_4zQ&s,FAKER VS SHOWMAKER | T1 VS DK FULL SERƒ∞ ANALƒ∞Zƒ∞
292,YouTube,https://www.youtube.com/watch?v=Xc7NfFPpMZw,https://encrypted-tbn0.gstatic.com/images?q=tbn:ANd9GcSeZ1ot2paQ6nmK-EIgh7BL6CzEFUE8b1oqjg&s,Faker modo mundial. BLG ELIMINADO vs TES. GEN vs HLE en el Sorteo de Worlds  | Resumen #7
293,Portal GeekPop News,https://geekpopnews.com.br/the-game-awards-2024-t1-e-faker-conquistam-premio/,https://encrypted-tbn0.gstatic.com/images?q=tbn:ANd9GcSoWXaoRBEakTVUOExItcg4NlqNO8XD1dJiXQ&s,The Game Awards 2024: T1 e Faker conquistam pr√™mio
294,YouTube,https://www.youtube.com/watch?v=-E_a_-hOQjM,https://encrypted-tbn0.gstatic.com/images?q=tbn:ANd9GcR8ViBSeRJQnIVbaQFL2paQn2NFSg7FVHqaTw&s,Faker lockt seinen RYZE! | GAME 2 - T1 vs GEN | LCK Spring 2025 - YouTube
295,YouTube,https://www.youtube.com/watch?v=UFZO2iHgKfY,https://encrypted-tbn0.gstatic.com/images?q=tbn:ANd9GcRVaWWs9l9DB5YOuKXZeTl0T6fBfOnD_giEeA&s,"Update LMHT: Faker ƒë√£ out tr√¨nh h·∫≥n Chovy, Fan LPL ƒë·ªìng lo·∫°t gi∆∞∆°ng c·ªù  tr·∫Øng, Zeus nh·∫≠n x√©t BLG"
296,YouTube,https://www.youtube.com/watch?v=1lxELtUqYBI,https://encrypted-tbn0.gstatic.com/images?q=tbn:ANd9GcS0gFecWUCeVdxvIb1tOIAWuuiZvrtBkFRSQg&s,Faker visits his little kids' room | T1 Stream Moments | T1 cute moments  2022 - YouTube
297,Facebook,https://www.facebook.com/photo.php?fbid=1237668131737267&id=100064822745975&set=a.465490342288387,https://encrypted-tbn0.gstatic.com/images?q=tbn:ANd9GcTvC7H9jVfzaFJVyKbpztNxzFmwRMHqaCtE6w&s,Y√™u - üó£Ô∏èUntara v·ª´a co-stream v·ª´a d·ª± ƒëo√°n ngay sau game 1 khi T1 ƒë·ªÉ cho DK  d·∫´n 0-1: ‚ÄúTr·∫≠n ƒë·∫•u s·∫Ω k·∫øt th√∫c v·ªõi t·ªâ s·ªë T1 3-1 DK: thua-th·∫Øng-th·∫Øng-th·∫Øng.  Xong
298,TikTok,https://www.tiktok.com/@lsh.nhq/video/7339497792424922375,https://encrypted-tbn0.gstatic.com/images?q=tbn:ANd9GcQWRY2KsZ61OKUiPhNijrDM37lhLyRPaAOwkw&s,S·ª± vƒ© ƒë·∫°i c·ªßa Faker trong League of Legends
299,Vi·ªát Gi·∫£i Tr√≠,https://vietgiaitri.com/faker-trai-long-sau-ban-ket-thua-nhan-da-co-luc-mat-tap-trung-khi-doi-dau-voi-dk-20211102i6131521/,https://encrypted-tbn0.gstatic.com/images?q=tbn:ANd9GcR0DfT9RFSEjZMhfeZjDPWZqW4fKamyY_5b5A&s,"Faker tr·∫£i l√≤ng sau B√°n K·∫øt, th·ª´a nh·∫≠n ƒë√£ c√≥ l√∫c m·∫•t t·∫≠p trung khi ƒë·ªëi ƒë·∫ßu  v·ªõi DK - eSport - Vi·ªát Gi·∫£i Tr√≠"
